River,Site,Location,TagNo,Depth,Class,RootProd
Waccamaw,Upper,1,101,U,Lf,22.867
Waccamaw,Upper,1,101,U,Lx,73.135
Waccamaw,Upper,1,101,U,D,55.564
Waccamaw,Upper,1,101,M,Lf,9.778
Waccamaw,Upper,1,101,M,Lx,0.000
Waccamaw,Upper,1,101,M,D,52.457
Waccamaw,Upper,1,101,B,Lf,101.095
Waccamaw,Upper,1,101,B,Lx,93.506
Waccamaw,Upper,1,101,B,D,54.953
Waccamaw,Upper,2,103,U,Lf,65.648
Waccamaw,Upper,2,103,U,Lx,0.000
Waccamaw,Upper,2,103,U,D,49.860
Waccamaw,Upper,2,103,M,Lf,24.090
Waccamaw,Upper,2,103,M,Lx,0.000
Waccamaw,Upper,2,103,M,D,31.831
Waccamaw,Upper,2,103,B,Lf,63.713
Waccamaw,Upper,2,103,B,Lx,19.404
Waccamaw,Upper,2,103,B,D,58.212
Waccamaw,Upper,3,105,U,Lf,29.132
Waccamaw,Upper,3,105,U,Lx,0.000
Waccamaw,Upper,3,105,U,D,143.774
Waccamaw,Upper,3,105,M,Lf,38.554
Waccamaw,Upper,3,105,M,Lx,0.000
Waccamaw,Upper,3,105,M,D,67.736
Waccamaw,Upper,3,105,B,Lf,42.271
Waccamaw,Upper,3,105,B,Lx,0.000
Waccamaw,Upper,3,105,B,D,99.873
Waccamaw,Upper,4,107,U,Lf,13.547
Waccamaw,Upper,4,107,U,Lx,0.000
Waccamaw,Upper,4,107,U,D,107.970
Waccamaw,Upper,4,107,M,Lf,3.718
Waccamaw,Upper,4,107,M,Lx,0.000
Waccamaw,Upper,4,107,M,D,102.572
Waccamaw,Upper,4,107,B,Lf,30.099
Waccamaw,Upper,4,107,B,Lx,0.000
Waccamaw,Upper,4,107,B,D,33.257
Waccamaw,Upper,5,109,U,Lf,235.039
Waccamaw,Upper,5,109,U,Lx,102.368
Waccamaw,Upper,5,109,U,D,35.956
Waccamaw,Upper,5,109,M,Lf,103.285
Waccamaw,Upper,5,109,M,Lx,0.000
Waccamaw,Upper,5,109,M,D,93.659
Waccamaw,Upper,5,109,B,Lf,23.275
Waccamaw,Upper,5,109,B,Lx,12.070
Waccamaw,Upper,5,109,B,D,32.900
Waccamaw,Upper,6,111,U,Lf,35.039
Waccamaw,Upper,6,111,U,Lx,0.000
Waccamaw,Upper,6,111,U,D,37.382
Waccamaw,Upper,6,111,M,Lf,44.563
Waccamaw,Upper,6,111,M,Lx,0.000
Waccamaw,Upper,6,111,M,D,53.425
Waccamaw,Upper,6,111,B,Lf,29.386
Waccamaw,Upper,6,111,B,Lx,0.000
Waccamaw,Upper,6,111,B,D,42.883
Waccamaw,Upper,7,113,U,Lf,4.074
Waccamaw,Upper,7,113,U,Lx,0.000
Waccamaw,Upper,7,113,U,D,69.722
Waccamaw,Upper,7,113,M,Lf,5.704
Waccamaw,Upper,7,113,M,Lx,0.000
Waccamaw,Upper,7,113,M,D,30.150
Waccamaw,Upper,7,113,B,Lf,44.410
Waccamaw,Upper,7,113,B,Lx,0.000
Waccamaw,Upper,7,113,B,D,68.245
Waccamaw,Upper,8,115,U,Lf,13.394
Waccamaw,Upper,8,115,U,Lx,.
Waccamaw,Upper,8,115,U,D,18.844
Waccamaw,Upper,8,115,M,Lf,10.899
Waccamaw,Upper,8,115,M,Lx,0.000
Waccamaw,Upper,8,115,M,D,15.075
Waccamaw,Upper,8,115,B,Lf,22.613
Waccamaw,Upper,8,115,B,Lx,0.000
Waccamaw,Upper,8,115,B,D,14.719
Waccamaw,Upper,9,117,U,Lf,57.092
Waccamaw,Upper,9,117,U,Lx,0.000
Waccamaw,Upper,9,117,U,D,69.162
Waccamaw,Upper,9,117,M,Lf,41.457
Waccamaw,Upper,9,117,M,Lx,41.100
Waccamaw,Upper,9,117,M,D,42.017
Waccamaw,Upper,9,117,B,Lf,92.895
Waccamaw,Upper,9,117,B,Lx,0.000
Waccamaw,Upper,9,117,B,D,56.684
Waccamaw,Upper,10,119,U,Lf,15.788
Waccamaw,Upper,10,119,U,Lx,53.272
Waccamaw,Upper,10,119,U,D,33.308
Waccamaw,Upper,10,119,M,Lf,27.807
Waccamaw,Upper,10,119,M,Lx,0.000
Waccamaw,Upper,10,119,M,D,52.967
Waccamaw,Upper,10,119,B,Lf,43.748
Waccamaw,Upper,10,119,B,Lx,0.000
Waccamaw,Upper,10,119,B,D,21.747
Waccamaw,Middle,1,121,U,Lf,159.766
Waccamaw,Middle,1,121,U,Lx,0.000
Waccamaw,Middle,1,121,U,D,41.711
Waccamaw,Middle,1,121,M,Lf,25.312
Waccamaw,Middle,1,121,M,Lx,0.000
Waccamaw,Middle,1,121,M,D,74.001
Waccamaw,Middle,1,121,B,Lf,18.233
Waccamaw,Middle,1,121,B,Lx,0.000
Waccamaw,Middle,1,121,B,D,50.573
Waccamaw,Middle,2,123,U,Lf,51.795
Waccamaw,Middle,2,123,U,Lx,0.000
Waccamaw,Middle,2,123,U,D,46.550
Waccamaw,Middle,2,123,M,Lf,52.050
Waccamaw,Middle,2,123,M,Lx,0.000
Waccamaw,Middle,2,123,M,D,43.188
Waccamaw,Middle,2,123,B,Lf,49.962
Waccamaw,Middle,2,123,B,Lx,0.000
Waccamaw,Middle,2,123,B,D,34.174
Waccamaw,Middle,3,125,U,Lf,443.392
Waccamaw,Middle,3,125,U,Lx,0.000
Waccamaw,Middle,3,125,U,D,47.772
Waccamaw,Middle,3,125,M,Lf,155.640
Waccamaw,Middle,3,125,M,Lx,0.000
Waccamaw,Middle,3,125,M,D,17.265
Waccamaw,Middle,3,125,B,Lf,32.136
Waccamaw,Middle,3,125,B,Lx,0.000
Waccamaw,Middle,3,125,B,D,34.632
Waccamaw,Middle,4,127,U,Lf,202.190
Waccamaw,Middle,4,127,U,Lx,0.000
Waccamaw,Middle,4,127,U,D,47.670
Waccamaw,Middle,4,127,M,Lf,68.857
Waccamaw,Middle,4,127,M,Lx,0.000
Waccamaw,Middle,4,127,M,D,80.621
Waccamaw,Middle,4,127,B,Lf,22.664
Waccamaw,Middle,4,127,B,Lx,0.000
Waccamaw,Middle,4,127,B,D,40.845
Waccamaw,Middle,5,129,U,Lf,174.128
Waccamaw,Middle,5,129,U,Lx,0.000
Waccamaw,Middle,5,129,U,D,37.433
Waccamaw,Middle,5,129,M,Lf,47.059
Waccamaw,Middle,5,129,M,Lx,0.000
Waccamaw,Middle,5,129,M,D,27.247
Waccamaw,Middle,5,129,B,Lf,32.799
Waccamaw,Middle,5,129,B,Lx,29.997
Waccamaw,Middle,5,129,B,D,25.668
Waccamaw,Middle,6,131,U,Lf,87.497
Waccamaw,Middle,6,131,U,Lx,0.000
Waccamaw,Middle,6,131,U,D,20.270
Waccamaw,Middle,6,131,M,Lf,44.716
Waccamaw,Middle,6,131,M,Lx,0.000
Waccamaw,Middle,6,131,M,D,33.512
Waccamaw,Middle,6,131,B,Lf,16.246
Waccamaw,Middle,6,131,B,Lx,0.000
Waccamaw,Middle,6,131,B,D,16.603
Waccamaw,Middle,7,133,U,Lf,21.136
Waccamaw,Middle,7,133,U,Lx,0.000
Waccamaw,Middle,7,133,U,D,48.179
Waccamaw,Middle,7,133,M,Lf,82.251
Waccamaw,Middle,7,133,M,Lx,9.880
Waccamaw,Middle,7,133,M,D,31.933
Waccamaw,Middle,7,133,B,Lf,26.331
Waccamaw,Middle,7,133,B,Lx,0.000
Waccamaw,Middle,7,133,B,D,38.197
Waccamaw,Middle,8,134,U,Lf,97.683
Waccamaw,Middle,8,134,U,Lx,0.000
Waccamaw,Middle,8,134,U,D,41.100
Waccamaw,Middle,8,134,M,Lf,27.757
Waccamaw,Middle,8,134,M,Lx,0.000
Waccamaw,Middle,8,134,M,D,33.104
Waccamaw,Middle,8,134,B,Lf,14.820
Waccamaw,Middle,8,134,B,Lx,0.000
Waccamaw,Middle,8,134,B,D,63.203
Waccamaw,Middle,9,136,U,Lf,65.190
Waccamaw,Middle,9,136,U,Lx,4.431
Waccamaw,Middle,9,136,U,D,16.909
Waccamaw,Middle,9,136,M,Lf,37.688
Waccamaw,Middle,9,136,M,Lx,0.000
Waccamaw,Middle,9,136,M,D,40.744
Waccamaw,Middle,9,136,B,Lf,23.326
Waccamaw,Middle,9,136,B,Lx,0.000
Waccamaw,Middle,9,136,B,D,26.331
Waccamaw,Middle,10,139,U,Lf,70.079
Waccamaw,Middle,10,139,U,Lx,0.000
Waccamaw,Middle,10,139,U,D,31.678
Waccamaw,Middle,10,139,M,Lf,25.668
Waccamaw,Middle,10,139,M,Lx,0.000
Waccamaw,Middle,10,139,M,D,67.482
Waccamaw,Middle,10,139,B,Lf,12.121
Waccamaw,Middle,10,139,B,Lx,17.469
Waccamaw,Middle,10,139,B,D,36.160
Waccamaw,Lower,1,141,U,Lf,194.143
Waccamaw,Lower,1,141,U,Lx,1254.393
Waccamaw,Lower,1,141,U,D,72.014
Waccamaw,Lower,1,141,M,Lf,28.826
Waccamaw,Lower,1,141,M,Lx,13.445
Waccamaw,Lower,1,141,M,D,23.835
Waccamaw,Lower,1,141,B,Lf,32.086
Waccamaw,Lower,1,141,B,Lx,0.000
Waccamaw,Lower,1,141,B,D,12.121
Waccamaw,Lower,2,143,U,Lf,32.493
Waccamaw,Lower,2,143,U,Lx,0.000
Waccamaw,Lower,2,143,U,D,34.785
Waccamaw,Lower,2,143,M,Lf,32.442
Waccamaw,Lower,2,143,M,Lx,0.000
Waccamaw,Lower,2,143,M,D,20.372
Waccamaw,Lower,2,143,B,Lf,30.660
Waccamaw,Lower,2,143,B,Lx,0.000
Waccamaw,Lower,2,143,B,D,39.521
Waccamaw,Lower,3,145,U,Lf,57.805
Waccamaw,Lower,3,145,U,Lx,61.013
Waccamaw,Lower,3,145,U,D,82.404
Waccamaw,Lower,3,145,M,Lf,12.987
Waccamaw,Lower,3,145,M,Lx,0.000
Waccamaw,Lower,3,145,M,D,79.501
Waccamaw,Lower,3,145,B,Lf,10.186
Waccamaw,Lower,3,145,B,Lx,0.000
Waccamaw,Lower,3,145,B,D,69.264
Waccamaw,Lower,4,147,U,Lf,84.339
Waccamaw,Lower,4,147,U,Lx,0.000
Waccamaw,Lower,4,147,U,D,51.693
Waccamaw,Lower,4,147,M,Lf,77.260
Waccamaw,Lower,4,147,M,Lx,0.000
Waccamaw,Lower,4,147,M,D,7.232
Waccamaw,Lower,4,147,B,Lf,52.305
Waccamaw,Lower,4,147,B,Lx,0.000
Waccamaw,Lower,4,147,B,D,15.330
Waccamaw,Lower,5,149,U,Lf,163.382
Waccamaw,Lower,5,149,U,Lx,405.399
Waccamaw,Lower,5,149,U,D,68.653
Waccamaw,Lower,5,149,M,Lf,156.557
Waccamaw,Lower,5,149,M,Lx,2777.438
Waccamaw,Lower,5,149,M,D,42.628
Waccamaw,Lower,5,149,B,Lf,58.467
Waccamaw,Lower,5,149,B,Lx,0.000
Waccamaw,Lower,5,149,B,D,16.094
Waccamaw,Lower,6,151,U,Lf,104.354
Waccamaw,Lower,6,151,U,Lx,13.853
Waccamaw,Lower,6,151,U,D,77.922
Waccamaw,Lower,6,151,M,Lf,29.641
Waccamaw,Lower,6,151,M,Lx,0.000
Waccamaw,Lower,6,151,M,D,48.739
Waccamaw,Lower,6,151,B,Lf,20.728
Waccamaw,Lower,6,151,B,Lx,0.000
Waccamaw,Lower,6,151,B,D,33.104
Waccamaw,Lower,7,153,U,Lf,135.167
Waccamaw,Lower,7,153,U,Lx,1031.984
Waccamaw,Lower,7,153,U,D,44.461
Waccamaw,Lower,7,153,M,Lf,201.732
Waccamaw,Lower,7,153,M,Lx,259.537
Waccamaw,Lower,7,153,M,D,76.140
Waccamaw,Lower,7,153,B,Lf,127.426
Waccamaw,Lower,7,153,B,Lx,148.663
Waccamaw,Lower,7,153,B,D,163.840
Waccamaw,Lower,8,155,U,Lf,15.381
Waccamaw,Lower,8,155,U,Lx,0.000
Waccamaw,Lower,8,155,U,D,67.889
Waccamaw,Lower,8,155,M,Lf,12.223
Waccamaw,Lower,8,155,M,Lx,0.000
Waccamaw,Lower,8,155,M,D,19.506
Waccamaw,Lower,8,155,B,Lf,9.575
Waccamaw,Lower,8,155,B,Lx,0.000
Waccamaw,Lower,8,155,B,D,32.799
Waccamaw,Lower,9,157,U,Lf,21.594
Waccamaw,Lower,9,157,U,Lx,0.000
Waccamaw,Lower,9,157,U,D,6.570
Waccamaw,Lower,9,157,M,Lf,21.085
Waccamaw,Lower,9,157,M,Lx,12.121
Waccamaw,Lower,9,157,M,D,3.769
Waccamaw,Lower,9,157,B,Lf,33.257
Waccamaw,Lower,9,157,B,Lx,13.445
Waccamaw,Lower,9,157,B,D,1.986
Waccamaw,Lower,10,159,U,Lf,99.211
Waccamaw,Lower,10,159,U,Lx,0.000
Waccamaw,Lower,10,159,U,D,61.574
Waccamaw,Lower,10,159,M,Lf,15.635
Waccamaw,Lower,10,159,M,Lx,0.000
Waccamaw,Lower,10,159,M,D,21.747
Waccamaw,Lower,10,159,B,Lf,20.779
Waccamaw,Lower,10,159,B,Lx,0.000
Waccamaw,Lower,10,159,B,D,49.554
Waccamaw,Marsh,1,161,U,Lf,34.734
Waccamaw,Marsh,1,161,U,Lx,0.000
Waccamaw,Marsh,1,161,U,D,20.525
Waccamaw,Marsh,1,161,M,Lf,34.836
Waccamaw,Marsh,1,161,M,Lx,0.000
Waccamaw,Marsh,1,161,M,D,20.423
Waccamaw,Marsh,1,161,B,Lf,14.158
Waccamaw,Marsh,1,161,B,Lx,0.000
Waccamaw,Marsh,1,161,B,D,9.880
Waccamaw,Marsh,2,163,U,Lf,161.294
Waccamaw,Marsh,2,163,U,Lx,1259.180
Waccamaw,Marsh,2,163,U,D,19.506
Waccamaw,Marsh,2,163,M,Lf,44.665
Waccamaw,Marsh,2,163,M,Lx,0.000
Waccamaw,Marsh,2,163,M,D,1.171
Waccamaw,Marsh,2,163,B,Lf,14.260
Waccamaw,Marsh,2,163,B,Lx,0.000
Waccamaw,Marsh,2,163,B,D,1.732
Waccamaw,Marsh,3,165,U,Lf,152.687
Waccamaw,Marsh,3,165,U,Lx,0.000
Waccamaw,Marsh,3,165,U,D,82.404
Waccamaw,Marsh,3,165,M,Lf,25.363
Waccamaw,Marsh,3,165,M,Lx,0.000
Waccamaw,Marsh,3,165,M,D,47.517
Waccamaw,Marsh,3,165,B,Lf,14.973
Waccamaw,Marsh,3,165,B,Lx,0.000
Waccamaw,Marsh,3,165,B,D,22.409
Waccamaw,Marsh,4,167,U,Lf,198.217
Waccamaw,Marsh,4,167,U,Lx,1432.391
Waccamaw,Marsh,4,167,U,D,45.582
Waccamaw,Marsh,4,167,M,Lf,81.334
Waccamaw,Marsh,4,167,M,Lx,0.000
Waccamaw,Marsh,4,167,M,D,49.554
Waccamaw,Marsh,4,167,B,Lf,26.025
Waccamaw,Marsh,4,167,B,Lx,0.000
Waccamaw,Marsh,4,167,B,D,80.723
Waccamaw,Marsh,5,169,U,Lf,48.077
Waccamaw,Marsh,5,169,U,Lx,1056.226
Waccamaw,Marsh,5,169,U,D,69.926
Waccamaw,Marsh,5,169,M,Lf,30.710
Waccamaw,Marsh,5,169,M,Lx,0.000
Waccamaw,Marsh,5,169,M,D,17.214
Waccamaw,Marsh,5,169,B,Lf,22.816
Waccamaw,Marsh,5,169,B,Lx,0.000
Waccamaw,Marsh,5,169,B,D,76.547
Waccamaw,Marsh,6,171,U,Lf,465.292
Waccamaw,Marsh,6,171,U,Lx,827.807
Waccamaw,Marsh,6,171,U,D,25.719
Waccamaw,Marsh,6,171,M,Lf,87.904
Waccamaw,Marsh,6,171,M,Lx,0.000
Waccamaw,Marsh,6,171,M,D,96.308
Waccamaw,Marsh,6,171,B,Lf,37.026
Waccamaw,Marsh,6,171,B,Lx,0.000
Waccamaw,Marsh,6,171,B,D,49.605
Waccamaw,Marsh,7,173,U,Lf,68.958
Waccamaw,Marsh,7,173,U,Lx,989.712
Waccamaw,Marsh,7,173,U,D,73.287
Waccamaw,Marsh,7,173,M,Lf,29.335
Waccamaw,Marsh,7,173,M,Lx,0.000
Waccamaw,Marsh,7,173,M,D,74.306
Waccamaw,Marsh,7,173,B,Lf,25.668
Waccamaw,Marsh,7,173,B,Lx,0.000
Waccamaw,Marsh,7,173,B,D,23.275
Waccamaw,Marsh,8,175,U,Lf,130.940
Waccamaw,Marsh,8,175,U,Lx,0.000
Waccamaw,Marsh,8,175,U,D,38.655
Waccamaw,Marsh,8,175,M,Lf,34.887
Waccamaw,Marsh,8,175,M,Lx,0.000
Waccamaw,Marsh,8,175,M,D,25.057
Waccamaw,Marsh,8,175,B,Lf,41.864
Waccamaw,Marsh,8,175,B,Lx,0.000
Waccamaw,Marsh,8,175,B,D,0.000
Waccamaw,Marsh,9,177,U,Lf,32.187
Waccamaw,Marsh,9,177,U,Lx,315.457
Waccamaw,Marsh,9,177,U,D,29.692
Waccamaw,Marsh,9,177,M,Lf,44.614
Waccamaw,Marsh,9,177,M,Lx,0.000
Waccamaw,Marsh,9,177,M,D,47.670
Waccamaw,Marsh,9,177,B,Lf,35.956
Waccamaw,Marsh,9,177,B,Lx,15.839
Waccamaw,Marsh,9,177,B,D,54.444
Waccamaw,Marsh,10,179,U,Lf,135.320
Waccamaw,Marsh,10,179,U,Lx,0.000
Waccamaw,Marsh,10,179,U,D,13.904
Waccamaw,Marsh,10,179,M,Lf,56.939
Waccamaw,Marsh,10,179,M,Lx,0.000
Waccamaw,Marsh,10,179,M,D,51.592
Waccamaw,Marsh,10,179,B,Lf,32.187
Waccamaw,Marsh,10,179,B,Lx,0.000
Waccamaw,Marsh,10,179,B,D,82.557
Savannah,Upper,1,201,U,Lf,136.491
Savannah,Upper,1,201,U,Lx,48.383
Savannah,Upper,1,201,U,D,91.317
Savannah,Upper,1,201,M,Lf,146.728
Savannah,Upper,1,201,M,Lx,0.000
Savannah,Upper,1,201,M,D,53.832
Savannah,Upper,1,201,B,Lf,64.782
Savannah,Upper,1,201,B,Lx,0.000
Savannah,Upper,1,201,B,D,91.775
Savannah,Upper,2,203,U,Lf,77.413
Savannah,Upper,2,203,U,Lx,0.000
Savannah,Upper,2,203,U,D,114.693
Savannah,Upper,2,203,M,Lf,2.699
Savannah,Upper,2,203,M,Lx,0.000
Savannah,Upper,2,203,M,D,28.928
Savannah,Upper,2,203,B,Lf,26.789
Savannah,Upper,2,203,B,Lx,0.000
Savannah,Upper,2,203,B,D,103.081
Savannah,Upper,3,205,U,Lf,50.675
Savannah,Upper,3,205,U,Lx,0.000
Savannah,Upper,3,205,U,D,46.244
Savannah,Upper,3,205,M,Lf,36.567
Savannah,Upper,3,205,M,Lx,0.000
Savannah,Upper,3,205,M,D,33.002
Savannah,Upper,3,205,B,Lf,72.371
Savannah,Upper,3,205,B,Lx,0.000
Savannah,Upper,3,205,B,D,30.914
Savannah,Upper,4,207,U,Lf,142.399
Savannah,Upper,4,207,U,Lx,0.000
Savannah,Upper,4,207,U,D,44.207
Savannah,Upper,4,207,M,Lf,29.081
Savannah,Upper,4,207,M,Lx,0.000
Savannah,Upper,4,207,M,D,65.444
Savannah,Upper,4,207,B,Lf,29.386
Savannah,Upper,4,207,B,Lx,0.000
Savannah,Upper,4,207,B,D,82.557
Savannah,Upper,5,209,U,Lf,77.973
Savannah,Upper,5,209,U,Lx,0.000
Savannah,Upper,5,209,U,D,48.077
Savannah,Upper,5,209,M,Lf,56.481
Savannah,Upper,5,209,M,Lx,0.000
Savannah,Upper,5,209,M,D,80.265
Savannah,Upper,5,209,B,Lf,31.627
Savannah,Upper,5,209,B,Lx,0.000
Savannah,Upper,5,209,B,D,58.161
Savannah,Upper,6,211,U,Lf,39.572
Savannah,Upper,6,211,U,Lx,0.000
Savannah,Upper,6,211,U,D,100.229
Savannah,Upper,6,211,M,Lf,31.627
Savannah,Upper,6,211,M,Lx,0.000
Savannah,Upper,6,211,M,D,93.048
Savannah,Upper,6,211,B,Lf,14.158
Savannah,Upper,6,211,B,Lx,0.000
Savannah,Upper,6,211,B,D,67.583
Savannah,Upper,7,213,U,Lf,30.609
Savannah,Upper,7,213,U,Lx,0.000
Savannah,Upper,7,213,U,D,119.837
Savannah,Upper,7,213,M,Lf,15.686
Savannah,Upper,7,213,M,Lx,0.000
Savannah,Upper,7,213,M,D,30.201
Savannah,Upper,7,213,B,Lf,26.178
Savannah,Upper,7,213,B,Lx,0.000
Savannah,Upper,7,213,B,D,21.339
Savannah,Upper,8,215,U,Lf,107.512
Savannah,Upper,8,215,U,Lx,5.551
Savannah,Upper,8,215,U,D,40.336
Savannah,Upper,8,215,M,Lf,32.544
Savannah,Upper,8,215,M,Lx,0.000
Savannah,Upper,8,215,M,D,89.534
Savannah,Upper,8,215,B,Lf,54.393
Savannah,Upper,8,215,B,Lx,0.000
Savannah,Upper,8,215,B,D,38.197
Savannah,Upper,9,217,U,Lf,91.317
Savannah,Upper,9,217,U,Lx,0.000
Savannah,Upper,9,217,U,D,97.835
Savannah,Upper,9,217,M,Lf,21.696
Savannah,Upper,9,217,M,Lx,0.000
Savannah,Upper,9,217,M,D,57.550
Savannah,Upper,9,217,B,Lf,21.339
Savannah,Upper,9,217,B,Lx,0.000
Savannah,Upper,9,217,B,D,61.421
Savannah,Upper,10,219,U,Lf,55.462
Savannah,Upper,10,219,U,Lx,27.807
Savannah,Upper,10,219,U,D,101.553
Savannah,Upper,10,219,M,Lf,45.124
Savannah,Upper,10,219,M,Lx,0.000
Savannah,Upper,10,219,M,D,23.224
Savannah,Upper,10,219,B,Lf,11.103
Savannah,Upper,10,219,B,Lx,0.000
Savannah,Upper,10,219,B,D,8.709
Savannah,Middle,1,221,U,Lf,56.735
Savannah,Middle,1,221,U,Lx,2.343
Savannah,Middle,1,221,U,D,40.081
Savannah,Middle,1,221,M,Lf,39.623
Savannah,Middle,1,221,M,Lx,162.414
Savannah,Middle,1,221,M,D,29.743
Savannah,Middle,1,221,B,Lf,26.025
Savannah,Middle,1,221,B,Lx,23.326
Savannah,Middle,1,221,B,D,30.048
Savannah,Middle,2,223,U,Lf,51.235
Savannah,Middle,2,223,U,Lx,0.000
Savannah,Middle,2,223,U,D,27.757
Savannah,Middle,2,223,M,Lf,88.872
Savannah,Middle,2,223,M,Lx,33.257
Savannah,Middle,2,223,M,D,55.971
Savannah,Middle,2,223,B,Lf,118.666
Savannah,Middle,2,223,B,Lx,0.000
Savannah,Middle,2,223,B,D,65.190
Savannah,Middle,3,225,U,Lf,54.749
Savannah,Middle,3,225,U,Lx,15.024
Savannah,Middle,3,225,U,D,42.526
Savannah,Middle,3,225,M,Lf,78.737
Savannah,Middle,3,225,M,Lx,11.917
Savannah,Middle,3,225,M,D,45.327
Savannah,Middle,3,225,B,Lf,90.654
Savannah,Middle,3,225,B,Lx,0.000
Savannah,Middle,3,225,B,D,58.263
Savannah,Middle,4,227,U,Lf,103.387
Savannah,Middle,4,227,U,Lx,0.000
Savannah,Middle,4,227,U,D,198.472
Savannah,Middle,4,227,M,Lf,44.665
Savannah,Middle,4,227,M,Lx,0.000
Savannah,Middle,4,227,M,D,35.447
Savannah,Middle,4,227,B,Lf,49.809
Savannah,Middle,4,227,B,Lx,0.000
Savannah,Middle,4,227,B,D,39.827
Savannah,Middle,5,229,U,Lf,131.602
Savannah,Middle,5,229,U,Lx,3158.136
Savannah,Middle,5,229,U,D,76.598
Savannah,Middle,5,229,M,Lf,79.043
Savannah,Middle,5,229,M,Lx,0.000
Savannah,Middle,5,229,M,D,88.872
Savannah,Middle,5,229,B,Lf,105.373
Savannah,Middle,5,229,B,Lx,0.000
Savannah,Middle,5,229,B,D,94.933
Savannah,Middle,6,231,U,Lf,88.617
Savannah,Middle,6,231,U,Lx,2.546
Savannah,Middle,6,231,U,D,172.142
Savannah,Middle,6,231,M,Lf,78.584
Savannah,Middle,6,231,M,Lx,49.453
Savannah,Middle,6,231,M,D,52.254
Savannah,Middle,6,231,B,Lf,37.433
Savannah,Middle,6,231,B,Lx,3.769
Savannah,Middle,6,231,B,D,33.155
Savannah,Middle,7,233,U,Lf,96.308
Savannah,Middle,7,233,U,Lx,1889.992
Savannah,Middle,7,233,U,D,49.453
Savannah,Middle,7,233,M,Lf,88.923
Savannah,Middle,7,233,M,Lx,31.373
Savannah,Middle,7,233,M,D,74.051
Savannah,Middle,7,233,B,Lf,56.328
Savannah,Middle,7,233,B,Lx,0.000
Savannah,Middle,7,233,B,D,33.766
Savannah,Middle,8,235,U,Lf,54.240
Savannah,Middle,8,235,U,Lx,40.794
Savannah,Middle,8,235,U,D,71.250
Savannah,Middle,8,235,M,Lf,27.807
Savannah,Middle,8,235,M,Lx,0.000
Savannah,Middle,8,235,M,D,50.369
Savannah,Middle,8,235,B,Lf,68.551
Savannah,Middle,8,235,B,Lx,0.000
Savannah,Middle,8,235,B,D,56.481
Savannah,Middle,9,237,U,Lf,41.355
Savannah,Middle,9,237,U,Lx,0.000
Savannah,Middle,9,237,U,D,135.472
Savannah,Middle,9,237,M,Lf,159.409
Savannah,Middle,9,237,M,Lx,32.238
Savannah,Middle,9,237,M,D,35.752
Savannah,Middle,9,237,B,Lf,121.772
Savannah,Middle,9,237,B,Lx,9.880
Savannah,Middle,9,237,B,D,81.691
Savannah,Middle,10,239,U,Lf,66.565
Savannah,Middle,10,239,U,Lx,0.000
Savannah,Middle,10,239,U,D,101.299
Savannah,Middle,10,239,M,Lf,64.171
Savannah,Middle,10,239,M,Lx,7.130
Savannah,Middle,10,239,M,D,41.457
Savannah,Middle,10,239,B,Lf,101.350
Savannah,Middle,10,239,B,Lx,0.000
Savannah,Middle,10,239,B,D,59.180
Savannah,Lower,1,241,U,Lf,72.422
Savannah,Lower,1,241,U,Lx,0.000
Savannah,Lower,1,241,U,D,65.546
Savannah,Lower,1,241,M,Lf,12.631
Savannah,Lower,1,241,M,Lx,0.000
Savannah,Lower,1,241,M,D,101.604
Savannah,Lower,1,241,B,Lf,9.116
Savannah,Lower,1,241,B,Lx,0.000
Savannah,Lower,1,241,B,D,39.929
Savannah,Lower,2,243,U,Lf,143.723
Savannah,Lower,2,243,U,Lx,362.771
Savannah,Lower,2,243,U,D,45.735
Savannah,Lower,2,243,M,Lf,108.123
Savannah,Lower,2,243,M,Lx,0.000
Savannah,Lower,2,243,M,D,83.473
Savannah,Lower,2,243,B,Lf,42.730
Savannah,Lower,2,243,B,Lx,0.000
Savannah,Lower,2,243,B,D,87.038
Savannah,Lower,3,245,U,Lf,99.822
Savannah,Lower,3,245,U,Lx,0.000
Savannah,Lower,3,245,U,D,57.958
Savannah,Lower,3,245,M,Lf,60.708
Savannah,Lower,3,245,M,Lx,0.000
Savannah,Lower,3,245,M,D,57.499
Savannah,Lower,3,245,B,Lf,34.683
Savannah,Lower,3,245,B,Lx,0.000
Savannah,Lower,3,245,B,D,41.660
Savannah,Lower,4,247,U,Lf,218.335
Savannah,Lower,4,247,U,Lx,1091.011
Savannah,Lower,4,247,U,D,72.524
Savannah,Lower,4,247,M,Lf,86.784
Savannah,Lower,4,247,M,Lx,95.340
Savannah,Lower,4,247,M,D,59.129
Savannah,Lower,4,247,B,Lf,54.036
Savannah,Lower,4,247,B,Lx,0.000
Savannah,Lower,4,247,B,D,36.516
Savannah,Lower,5,249,U,Lf,260.148
Savannah,Lower,5,249,U,Lx,12.478
Savannah,Lower,5,249,U,D,79.043
Savannah,Lower,5,249,M,Lf,114.286
Savannah,Lower,5,249,M,Lx,1115.253
Savannah,Lower,5,249,M,D,107.105
Savannah,Lower,5,249,B,Lf,43.086
Savannah,Lower,5,249,B,Lx,17.061
Savannah,Lower,5,249,B,D,166.336
Savannah,Lower,6,251,U,Lf,205.144
Savannah,Lower,6,251,U,Lx,6.774
Savannah,Lower,6,251,U,D,26.687
Savannah,Lower,6,251,M,Lf,140.413
Savannah,Lower,6,251,M,Lx,0.000
Savannah,Lower,6,251,M,D,89.840
Savannah,Lower,6,251,B,Lf,17.418
Savannah,Lower,6,251,B,Lx,0.000
Savannah,Lower,6,251,B,D,108.633
Savannah,Lower,7,253,U,Lf,243.596
Savannah,Lower,7,253,U,Lx,756.506
Savannah,Lower,7,253,U,D,97.479
Savannah,Lower,7,253,M,Lf,91.469
Savannah,Lower,7,253,M,Lx,80.774
Savannah,Lower,7,253,M,D,125.032
Savannah,Lower,7,253,B,Lf,32.900
Savannah,Lower,7,253,B,Lx,0.000
Savannah,Lower,7,253,B,D,53.832
Savannah,Lower,8,255,U,Lf,144.945
Savannah,Lower,8,255,U,Lx,366.641
Savannah,Lower,8,255,U,D,51.642
Savannah,Lower,8,255,M,Lf,40.132
Savannah,Lower,8,255,M,Lx,0.000
Savannah,Lower,8,255,M,D,60.759
Savannah,Lower,8,255,B,Lf,38.655
Savannah,Lower,8,255,B,Lx,0.000
Savannah,Lower,8,255,B,D,51.082
Savannah,Lower,9,257,U,Lf,409.778
Savannah,Lower,9,257,U,Lx,0.000
Savannah,Lower,9,257,U,D,71.148
Savannah,Lower,9,257,M,Lf,63.305
Savannah,Lower,9,257,M,Lx,0.000
Savannah,Lower,9,257,M,D,86.733
Savannah,Lower,9,257,B,Lf,36.465
Savannah,Lower,9,257,B,Lx,0.000
Savannah,Lower,9,257,B,D,108.683
Savannah,Lower,10,259,U,Lf,53.527
Savannah,Lower,10,259,U,Lx,0.000
Savannah,Lower,10,259,U,D,86.682
Savannah,Lower,10,259,M,Lf,36.313
Savannah,Lower,10,259,M,Lx,0.000
Savannah,Lower,10,259,M,D,157.983
Savannah,Lower,10,259,B,Lf,26.789
Savannah,Lower,10,259,B,Lx,0.000
Savannah,Lower,10,259,B,D,79.501
Savannah,Marsh,1,261,U,Lf,162.465
Savannah,Marsh,1,261,U,Lx,22.205
Savannah,Marsh,1,261,U,D,16.246
Savannah,Marsh,1,261,M,Lf,40.998
Savannah,Marsh,1,261,M,Lx,168.169
Savannah,Marsh,1,261,M,D,28.266
Savannah,Marsh,1,261,B,Lf,52.457
Savannah,Marsh,1,261,B,Lx,0.000
Savannah,Marsh,1,261,B,D,247.466
Savannah,Marsh,2,263,U,Lf,312.350
Savannah,Marsh,2,263,U,Lx,0.000
Savannah,Marsh,2,263,U,D,187.624
Savannah,Marsh,2,263,M,Lf,40.845
Savannah,Marsh,2,263,M,Lx,0.000
Savannah,Marsh,2,263,M,D,36.720
Savannah,Marsh,2,263,B,Lf,13.191
Savannah,Marsh,2,263,B,Lx,0.000
Savannah,Marsh,2,263,B,D,56.379
Savannah,Marsh,3,265,U,Lf,118.971
Savannah,Marsh,3,265,U,Lx,0.000
Savannah,Marsh,3,265,U,D,123.606
Savannah,Marsh,3,265,M,Lf,95.136
Savannah,Marsh,3,265,M,Lx,0.000
Savannah,Marsh,3,265,M,D,410.746
Savannah,Marsh,3,265,B,Lf,40.540
Savannah,Marsh,3,265,B,Lx,0.000
Savannah,Marsh,3,265,B,D,35.498
Savannah,Marsh,4,267,U,Lf,365.266
Savannah,Marsh,4,267,U,Lx,0.000
Savannah,Marsh,4,267,U,D,119.735
Savannah,Marsh,4,267,M,Lf,101.095
Savannah,Marsh,4,267,M,Lx,0.000
Savannah,Marsh,4,267,M,D,94.729
Savannah,Marsh,4,267,B,Lf,30.201
Savannah,Marsh,4,267,B,Lx,0.000
Savannah,Marsh,4,267,B,D,84.237
Savannah,Marsh,5,269,U,Lf,371.632
Savannah,Marsh,5,269,U,Lx,23.784
Savannah,Marsh,5,269,U,D,27.858
Savannah,Marsh,5,269,M,Lf,142.042
Savannah,Marsh,5,269,M,Lx,0.000
Savannah,Marsh,5,269,M,D,23.988
Savannah,Marsh,5,269,B,Lf,19.964
Savannah,Marsh,5,269,B,Lx,8.047
Savannah,Marsh,5,269,B,D,3.514
Savannah,Marsh,6,271,U,Lf,226.331
Savannah,Marsh,6,271,U,Lx,100.891
Savannah,Marsh,6,271,U,D,591.240
Savannah,Marsh,6,271,M,Lf,37.179
Savannah,Marsh,6,271,M,Lx,0.000
Savannah,Marsh,6,271,M,D,292.131
Savannah,Marsh,6,271,B,Lf,52.916
Savannah,Marsh,6,271,B,Lx,0.000
Savannah,Marsh,6,271,B,D,33.002
Savannah,Marsh,7,273,U,Lf,151.413
Savannah,Marsh,7,273,U,Lx,0.000
Savannah,Marsh,7,273,U,D,308.683
Savannah,Marsh,7,273,M,Lf,49.198
Savannah,Marsh,7,273,M,Lx,0.000
Savannah,Marsh,7,273,M,D,36.567
Savannah,Marsh,7,273,B,Lf,54.342
Savannah,Marsh,7,273,B,Lx,0.000
Savannah,Marsh,7,273,B,D,27.094
Savannah,Marsh,8,275,U,Lf,130.430
Savannah,Marsh,8,275,U,Lx,0.000
Savannah,Marsh,8,275,U,D,255.004
Savannah,Marsh,8,275,M,Lf,75.783
Savannah,Marsh,8,275,M,Lx,0.000
Savannah,Marsh,8,275,M,D,291.062
Savannah,Marsh,8,275,B,Lf,49.656
Savannah,Marsh,8,275,B,Lx,0.000
Savannah,Marsh,8,275,B,D,234.123
Savannah,Marsh,9,277,U,Lf,180.392
Savannah,Marsh,9,277,U,Lx,236.007
Savannah,Marsh,9,277,U,D,184.874
Savannah,Marsh,9,277,M,Lf,66.514
Savannah,Marsh,9,277,M,Lx,0.000
Savannah,Marsh,9,277,M,D,288.464
Savannah,Marsh,9,277,B,Lf,50.522
Savannah,Marsh,9,277,B,Lx,0.000
Savannah,Marsh,9,277,B,D,432.697
Savannah,Marsh,10,279,U,Lf,132.366
Savannah,Marsh,10,279,U,Lx,0.000
Savannah,Marsh,10,279,U,D,362.669
Savannah,Marsh,10,279,M,Lf,56.124
Savannah,Marsh,10,279,M,Lx,0.000
Savannah,Marsh,10,279,M,D,51.948
Savannah,Marsh,10,279,B,Lf,82.557
Savannah,Marsh,10,279,B,Lx,0.000
Savannah,Marsh,10,279,B,D,199.949
