"Value","X2006_Clas","X2010_Clas","Class_Name"
1,"Unclassified","Unclassified","Unclassified to Unclassified"
2,"Unclassified","High Intensity Developed","Unclassified to High Intensity Developed"
3,"Unclassified","Medium Intensity Developed","Unclassified to Medium Intensity Developed"
4,"Unclassified","Low Intensity Developed","Unclassified to Low Intensity Developed"
5,"Unclassified","Developed Open Space","Unclassified to Developed Open Space"
6,"Unclassified","Cultivated","Unclassified to Cultivated"
7,"Unclassified","Pasture/Hay","Unclassified to Pasture/Hay"
8,"Unclassified","Grassland","Unclassified to Grassland"
9,"Unclassified","Deciduous Forest","Unclassified to Deciduous Forest"
10,"Unclassified","Evergreen Forest","Unclassified to Evergreen Forest"
11,"Unclassified","Mixed Forest","Unclassified to Mixed Forest"
12,"Unclassified","Scrub/Shrub","Unclassified to Scrub/Shrub"
13,"Unclassified","Palustrine Forested Wetland","Unclassified to Palustrine Forested Wetland"
14,"Unclassified","Palustrine Scrub/Shrub Wetland","Unclassified to Palustrine Scrub/Shrub Wetland"
15,"Unclassified","Palustrine Emergent Wetland","Unclassified to Palustrine Emergent Wetland"
16,"Unclassified","Estuarine Forested Wetland","Unclassified to Estuarine Forested Wetland"
17,"Unclassified","Estuarine Scrub/Shrub Wetland","Unclassified to Estuarine Scrub/Shrub Wetland"
18,"Unclassified","Estuarine Emergent Wetland","Unclassified to Estuarine Emergent Wetland"
19,"Unclassified","Unconsolidated Shore","Unclassified to Unconsolidated Shore"
20,"Unclassified","Bare Land","Unclassified to Bare Land"
21,"Unclassified","Water","Unclassified to Water"
22,"Unclassified","Palustrine Aquatic Bed","Unclassified to Palustrine Aquatic Bed"
23,"Unclassified","Estuarine Aquatic Bed","Unclassified to Estuarine Aquatic Bed"
24,"Unclassified","Tundra","Unclassified to Tundra"
25,"Unclassified","Snow/Ice","Unclassified to Snow/Ice"
26,"High Intensity Developed","Unclassified","High Intensity Developed to Unclassified"
27,"High Intensity Developed","High Intensity Developed","High Intensity Developed to High Intensity Developed"
28,"High Intensity Developed","Medium Intensity Developed","High Intensity Developed to Medium Intensity Developed"
29,"High Intensity Developed","Low Intensity Developed","High Intensity Developed to Low Intensity Developed"
30,"High Intensity Developed","Developed Open Space","High Intensity Developed to Developed Open Space"
31,"High Intensity Developed","Cultivated","High Intensity Developed to Cultivated"
32,"High Intensity Developed","Pasture/Hay","High Intensity Developed to Pasture/Hay"
33,"High Intensity Developed","Grassland","High Intensity Developed to Grassland"
34,"High Intensity Developed","Deciduous Forest","High Intensity Developed to Deciduous Forest"
35,"High Intensity Developed","Evergreen Forest","High Intensity Developed to Evergreen Forest"
36,"High Intensity Developed","Mixed Forest","High Intensity Developed to Mixed Forest"
37,"High Intensity Developed","Scrub/Shrub","High Intensity Developed to Scrub/Shrub"
38,"High Intensity Developed","Palustrine Forested Wetland","High Intensity Developed to Palustrine Forested Wetland"
39,"High Intensity Developed","Palustrine Scrub/Shrub Wetland","High Intensity Developed to Palustrine Scrub/Shrub Wetland"
40,"High Intensity Developed","Palustrine Emergent Wetland","High Intensity Developed to Palustrine Emergent Wetland"
41,"High Intensity Developed","Estuarine Forested Wetland","High Intensity Developed to Estuarine Forested Wetland"
42,"High Intensity Developed","Estuarine Scrub/Shrub Wetland","High Intensity Developed to Estuarine Scrub/Shrub Wetland"
43,"High Intensity Developed","Estuarine Emergent Wetland","High Intensity Developed to Estuarine Emergent Wetland"
44,"High Intensity Developed","Unconsolidated Shore","High Intensity Developed to Unconsolidated Shore"
45,"High Intensity Developed","Bare Land","High Intensity Developed to Bare Land"
46,"High Intensity Developed","Water","High Intensity Developed to Water"
47,"High Intensity Developed","Palustrine Aquatic Bed","High Intensity Developed to Palustrine Aquatic Bed"
48,"High Intensity Developed","Estuarine Aquatic Bed","High Intensity Developed to Estuarine Aquatic Bed"
49,"High Intensity Developed","Tundra","High Intensity Developed to Tundra"
50,"High Intensity Developed","Snow/Ice","High Intensity Developed to Snow/Ice"
51,"Medium Intensity Developed","Unclassified","Medium Intensity Developed to Unclassified"
52,"Medium Intensity Developed","High Intensity Developed","Medium Intensity Developed to High Intensity Developed"
53,"Medium Intensity Developed","Medium Intensity Developed","Medium Intensity Developed to Medium Intensity Developed"
54,"Medium Intensity Developed","Low Intensity Developed","Medium Intensity Developed to Low Intensity Developed"
55,"Medium Intensity Developed","Developed Open Space","Medium Intensity Developed to Developed Open Space"
56,"Medium Intensity Developed","Cultivated","Medium Intensity Developed to Cultivated"
57,"Medium Intensity Developed","Pasture/Hay","Medium Intensity Developed to Pasture/Hay"
58,"Medium Intensity Developed","Grassland","Medium Intensity Developed to Grassland"
59,"Medium Intensity Developed","Deciduous Forest","Medium Intensity Developed to Deciduous Forest"
60,"Medium Intensity Developed","Evergreen Forest","Medium Intensity Developed to Evergreen Forest"
61,"Medium Intensity Developed","Mixed Forest","Medium Intensity Developed to Mixed Forest"
62,"Medium Intensity Developed","Scrub/Shrub","Medium Intensity Developed to Scrub/Shrub"
63,"Medium Intensity Developed","Palustrine Forested Wetland","Medium Intensity Developed to Palustrine Forested Wetland"
64,"Medium Intensity Developed","Palustrine Scrub/Shrub Wetland","Medium Intensity Developed to Palustrine Scrub/Shrub Wetland"
65,"Medium Intensity Developed","Palustrine Emergent Wetland","Medium Intensity Developed to Palustrine Emergent Wetland"
66,"Medium Intensity Developed","Estuarine Forested Wetland","Medium Intensity Developed to Estuarine Forested Wetland"
67,"Medium Intensity Developed","Estuarine Scrub/Shrub Wetland","Medium Intensity Developed to Estuarine Scrub/Shrub Wetland"
68,"Medium Intensity Developed","Estuarine Emergent Wetland","Medium Intensity Developed to Estuarine Emergent Wetland"
69,"Medium Intensity Developed","Unconsolidated Shore","Medium Intensity Developed to Unconsolidated Shore"
70,"Medium Intensity Developed","Bare Land","Medium Intensity Developed to Bare Land"
71,"Medium Intensity Developed","Water","Medium Intensity Developed to Water"
72,"Medium Intensity Developed","Palustrine Aquatic Bed","Medium Intensity Developed to Palustrine Aquatic Bed"
73,"Medium Intensity Developed","Estuarine Aquatic Bed","Medium Intensity Developed to Estuarine Aquatic Bed"
74,"Medium Intensity Developed","Tundra","Medium Intensity Developed to Tundra"
75,"Medium Intensity Developed","Snow/Ice","Medium Intensity Developed to Snow/Ice"
76,"Low Intensity Developed","Unclassified","Low Intensity Developed to Unclassified"
77,"Low Intensity Developed","High Intensity Developed","Low Intensity Developed to High Intensity Developed"
78,"Low Intensity Developed","Medium Intensity Developed","Low Intensity Developed to Medium Intensity Developed"
79,"Low Intensity Developed","Low Intensity Developed","Low Intensity Developed to Low Intensity Developed"
80,"Low Intensity Developed","Developed Open Space","Low Intensity Developed to Developed Open Space"
81,"Low Intensity Developed","Cultivated","Low Intensity Developed to Cultivated"
82,"Low Intensity Developed","Pasture/Hay","Low Intensity Developed to Pasture/Hay"
83,"Low Intensity Developed","Grassland","Low Intensity Developed to Grassland"
84,"Low Intensity Developed","Deciduous Forest","Low Intensity Developed to Deciduous Forest"
85,"Low Intensity Developed","Evergreen Forest","Low Intensity Developed to Evergreen Forest"
86,"Low Intensity Developed","Mixed Forest","Low Intensity Developed to Mixed Forest"
87,"Low Intensity Developed","Scrub/Shrub","Low Intensity Developed to Scrub/Shrub"
88,"Low Intensity Developed","Palustrine Forested Wetland","Low Intensity Developed to Palustrine Forested Wetland"
89,"Low Intensity Developed","Palustrine Scrub/Shrub Wetland","Low Intensity Developed to Palustrine Scrub/Shrub Wetland"
90,"Low Intensity Developed","Palustrine Emergent Wetland","Low Intensity Developed to Palustrine Emergent Wetland"
91,"Low Intensity Developed","Estuarine Forested Wetland","Low Intensity Developed to Estuarine Forested Wetland"
92,"Low Intensity Developed","Estuarine Scrub/Shrub Wetland","Low Intensity Developed to Estuarine Scrub/Shrub Wetland"
93,"Low Intensity Developed","Estuarine Emergent Wetland","Low Intensity Developed to Estuarine Emergent Wetland"
94,"Low Intensity Developed","Unconsolidated Shore","Low Intensity Developed to Unconsolidated Shore"
95,"Low Intensity Developed","Bare Land","Low Intensity Developed to Bare Land"
96,"Low Intensity Developed","Water","Low Intensity Developed to Water"
97,"Low Intensity Developed","Palustrine Aquatic Bed","Low Intensity Developed to Palustrine Aquatic Bed"
98,"Low Intensity Developed","Estuarine Aquatic Bed","Low Intensity Developed to Estuarine Aquatic Bed"
99,"Low Intensity Developed","Tundra","Low Intensity Developed to Tundra"
100,"Low Intensity Developed","Snow/Ice","Low Intensity Developed to Snow/Ice"
101,"Developed Open Space","Unclassified","Developed Open Space to Unclassified"
102,"Developed Open Space","High Intensity Developed","Developed Open Space to High Intensity Developed"
103,"Developed Open Space","Medium Intensity Developed","Developed Open Space to Medium Intensity Developed"
104,"Developed Open Space","Low Intensity Developed","Developed Open Space to Low Intensity Developed"
105,"Developed Open Space","Developed Open Space","Developed Open Space to Developed Open Space"
106,"Developed Open Space","Cultivated","Developed Open Space to Cultivated"
107,"Developed Open Space","Pasture/Hay","Developed Open Space to Pasture/Hay"
108,"Developed Open Space","Grassland","Developed Open Space to Grassland"
109,"Developed Open Space","Deciduous Forest","Developed Open Space to Deciduous Forest"
110,"Developed Open Space","Evergreen Forest","Developed Open Space to Evergreen Forest"
111,"Developed Open Space","Mixed Forest","Developed Open Space to Mixed Forest"
112,"Developed Open Space","Scrub/Shrub","Developed Open Space to Scrub/Shrub"
113,"Developed Open Space","Palustrine Forested Wetland","Developed Open Space to Palustrine Forested Wetland"
114,"Developed Open Space","Palustrine Scrub/Shrub Wetland","Developed Open Space to Palustrine Scrub/Shrub Wetland"
115,"Developed Open Space","Palustrine Emergent Wetland","Developed Open Space to Palustrine Emergent Wetland"
116,"Developed Open Space","Estuarine Forested Wetland","Developed Open Space to Estuarine Forested Wetland"
117,"Developed Open Space","Estuarine Scrub/Shrub Wetland","Developed Open Space to Estuarine Scrub/Shrub Wetland"
118,"Developed Open Space","Estuarine Emergent Wetland","Developed Open Space to Estuarine Emergent Wetland"
119,"Developed Open Space","Unconsolidated Shore","Developed Open Space to Unconsolidated Shore"
120,"Developed Open Space","Bare Land","Developed Open Space to Bare Land"
121,"Developed Open Space","Water","Developed Open Space to Water"
122,"Developed Open Space","Palustrine Aquatic Bed","Developed Open Space to Palustrine Aquatic Bed"
123,"Developed Open Space","Estuarine Aquatic Bed","Developed Open Space to Estuarine Aquatic Bed"
124,"Developed Open Space","Tundra","Developed Open Space to Tundra"
125,"Developed Open Space","Snow/Ice","Developed Open Space to Snow/Ice"
126,"Cultivated","Unclassified","Cultivated to Unclassified"
127,"Cultivated","High Intensity Developed","Cultivated to High Intensity Developed"
128,"Cultivated","Medium Intensity Developed","Cultivated to Medium Intensity Developed"
129,"Cultivated","Low Intensity Developed","Cultivated to Low Intensity Developed"
130,"Cultivated","Developed Open Space","Cultivated to Developed Open Space"
131,"Cultivated","Cultivated","Cultivated to Cultivated"
132,"Cultivated","Pasture/Hay","Cultivated to Pasture/Hay"
133,"Cultivated","Grassland","Cultivated to Grassland"
134,"Cultivated","Deciduous Forest","Cultivated to Deciduous Forest"
135,"Cultivated","Evergreen Forest","Cultivated to Evergreen Forest"
136,"Cultivated","Mixed Forest","Cultivated to Mixed Forest"
137,"Cultivated","Scrub/Shrub","Cultivated to Scrub/Shrub"
138,"Cultivated","Palustrine Forested Wetland","Cultivated to Palustrine Forested Wetland"
139,"Cultivated","Palustrine Scrub/Shrub Wetland","Cultivated to Palustrine Scrub/Shrub Wetland"
140,"Cultivated","Palustrine Emergent Wetland","Cultivated to Palustrine Emergent Wetland"
141,"Cultivated","Estuarine Forested Wetland","Cultivated to Estuarine Forested Wetland"
142,"Cultivated","Estuarine Scrub/Shrub Wetland","Cultivated to Estuarine Scrub/Shrub Wetland"
143,"Cultivated","Estuarine Emergent Wetland","Cultivated to Estuarine Emergent Wetland"
144,"Cultivated","Unconsolidated Shore","Cultivated to Unconsolidated Shore"
145,"Cultivated","Bare Land","Cultivated to Bare Land"
146,"Cultivated","Water","Cultivated to Water"
147,"Cultivated","Palustrine Aquatic Bed","Cultivated to Palustrine Aquatic Bed"
148,"Cultivated","Estuarine Aquatic Bed","Cultivated to Estuarine Aquatic Bed"
149,"Cultivated","Tundra","Cultivated to Tundra"
150,"Cultivated","Snow/Ice","Cultivated to Snow/Ice"
151,"Pasture/Hay","Unclassified","Pasture/Hay to Unclassified"
152,"Pasture/Hay","High Intensity Developed","Pasture/Hay to High Intensity Developed"
153,"Pasture/Hay","Medium Intensity Developed","Pasture/Hay to Medium Intensity Developed"
154,"Pasture/Hay","Low Intensity Developed","Pasture/Hay to Low Intensity Developed"
155,"Pasture/Hay","Developed Open Space","Pasture/Hay to Developed Open Space"
156,"Pasture/Hay","Cultivated","Pasture/Hay to Cultivated"
157,"Pasture/Hay","Pasture/Hay","Pasture/Hay to Pasture/Hay"
158,"Pasture/Hay","Grassland","Pasture/Hay to Grassland"
159,"Pasture/Hay","Deciduous Forest","Pasture/Hay to Deciduous Forest"
160,"Pasture/Hay","Evergreen Forest","Pasture/Hay to Evergreen Forest"
161,"Pasture/Hay","Mixed Forest","Pasture/Hay to Mixed Forest"
162,"Pasture/Hay","Scrub/Shrub","Pasture/Hay to Scrub/Shrub"
163,"Pasture/Hay","Palustrine Forested Wetland","Pasture/Hay to Palustrine Forested Wetland"
164,"Pasture/Hay","Palustrine Scrub/Shrub Wetland","Pasture/Hay to Palustrine Scrub/Shrub Wetland"
165,"Pasture/Hay","Palustrine Emergent Wetland","Pasture/Hay to Palustrine Emergent Wetland"
166,"Pasture/Hay","Estuarine Forested Wetland","Pasture/Hay to Estuarine Forested Wetland"
167,"Pasture/Hay","Estuarine Scrub/Shrub Wetland","Pasture/Hay to Estuarine Scrub/Shrub Wetland"
168,"Pasture/Hay","Estuarine Emergent Wetland","Pasture/Hay to Estuarine Emergent Wetland"
169,"Pasture/Hay","Unconsolidated Shore","Pasture/Hay to Unconsolidated Shore"
170,"Pasture/Hay","Bare Land","Pasture/Hay to Bare Land"
171,"Pasture/Hay","Water","Pasture/Hay to Water"
172,"Pasture/Hay","Palustrine Aquatic Bed","Pasture/Hay to Palustrine Aquatic Bed"
173,"Pasture/Hay","Estuarine Aquatic Bed","Pasture/Hay to Estuarine Aquatic Bed"
174,"Pasture/Hay","Tundra","Pasture/Hay to Tundra"
175,"Pasture/Hay","Snow/Ice","Pasture/Hay to Snow/Ice"
176,"Grassland","Unclassified","Grassland to Unclassified"
177,"Grassland","High Intensity Developed","Grassland to High Intensity Developed"
178,"Grassland","Medium Intensity Developed","Grassland to Medium Intensity Developed"
179,"Grassland","Low Intensity Developed","Grassland to Low Intensity Developed"
180,"Grassland","Developed Open Space","Grassland to Developed Open Space"
181,"Grassland","Cultivated","Grassland to Cultivated"
182,"Grassland","Pasture/Hay","Grassland to Pasture/Hay"
183,"Grassland","Grassland","Grassland to Grassland"
184,"Grassland","Deciduous Forest","Grassland to Deciduous Forest"
185,"Grassland","Evergreen Forest","Grassland to Evergreen Forest"
186,"Grassland","Mixed Forest","Grassland to Mixed Forest"
187,"Grassland","Scrub/Shrub","Grassland to Scrub/Shrub"
188,"Grassland","Palustrine Forested Wetland","Grassland to Palustrine Forested Wetland"
189,"Grassland","Palustrine Scrub/Shrub Wetland","Grassland to Palustrine Scrub/Shrub Wetland"
190,"Grassland","Palustrine Emergent Wetland","Grassland to Palustrine Emergent Wetland"
191,"Grassland","Estuarine Forested Wetland","Grassland to Estuarine Forested Wetland"
192,"Grassland","Estuarine Scrub/Shrub Wetland","Grassland to Estuarine Scrub/Shrub Wetland"
193,"Grassland","Estuarine Emergent Wetland","Grassland to Estuarine Emergent Wetland"
194,"Grassland","Unconsolidated Shore","Grassland to Unconsolidated Shore"
195,"Grassland","Bare Land","Grassland to Bare Land"
196,"Grassland","Water","Grassland to Water"
197,"Grassland","Palustrine Aquatic Bed","Grassland to Palustrine Aquatic Bed"
198,"Grassland","Estuarine Aquatic Bed","Grassland to Estuarine Aquatic Bed"
199,"Grassland","Tundra","Grassland to Tundra"
200,"Grassland","Snow/Ice","Grassland to Snow/Ice"
201,"Deciduous Forest","Unclassified","Deciduous Forest to Unclassified"
202,"Deciduous Forest","High Intensity Developed","Deciduous Forest to High Intensity Developed"
203,"Deciduous Forest","Medium Intensity Developed","Deciduous Forest to Medium Intensity Developed"
204,"Deciduous Forest","Low Intensity Developed","Deciduous Forest to Low Intensity Developed"
205,"Deciduous Forest","Developed Open Space","Deciduous Forest to Developed Open Space"
206,"Deciduous Forest","Cultivated","Deciduous Forest to Cultivated"
207,"Deciduous Forest","Pasture/Hay","Deciduous Forest to Pasture/Hay"
208,"Deciduous Forest","Grassland","Deciduous Forest to Grassland"
209,"Deciduous Forest","Deciduous Forest","Deciduous Forest to Deciduous Forest"
210,"Deciduous Forest","Evergreen Forest","Deciduous Forest to Evergreen Forest"
211,"Deciduous Forest","Mixed Forest","Deciduous Forest to Mixed Forest"
212,"Deciduous Forest","Scrub/Shrub","Deciduous Forest to Scrub/Shrub"
213,"Deciduous Forest","Palustrine Forested Wetland","Deciduous Forest to Palustrine Forested Wetland"
214,"Deciduous Forest","Palustrine Scrub/Shrub Wetland","Deciduous Forest to Palustrine Scrub/Shrub Wetland"
215,"Deciduous Forest","Palustrine Emergent Wetland","Deciduous Forest to Palustrine Emergent Wetland"
216,"Deciduous Forest","Estuarine Forested Wetland","Deciduous Forest to Estuarine Forested Wetland"
217,"Deciduous Forest","Estuarine Scrub/Shrub Wetland","Deciduous Forest to Estuarine Scrub/Shrub Wetland"
218,"Deciduous Forest","Estuarine Emergent Wetland","Deciduous Forest to Estuarine Emergent Wetland"
219,"Deciduous Forest","Unconsolidated Shore","Deciduous Forest to Unconsolidated Shore"
220,"Deciduous Forest","Bare Land","Deciduous Forest to Bare Land"
221,"Deciduous Forest","Water","Deciduous Forest to Water"
222,"Deciduous Forest","Palustrine Aquatic Bed","Deciduous Forest to Palustrine Aquatic Bed"
223,"Deciduous Forest","Estuarine Aquatic Bed","Deciduous Forest to Estuarine Aquatic Bed"
224,"Deciduous Forest","Tundra","Deciduous Forest to Tundra"
225,"Deciduous Forest","Snow/Ice","Deciduous Forest to Snow/Ice"
226,"Evergreen Forest","Unclassified","Evergreen Forest to Unclassified"
227,"Evergreen Forest","High Intensity Developed","Evergreen Forest to High Intensity Developed"
228,"Evergreen Forest","Medium Intensity Developed","Evergreen Forest to Medium Intensity Developed"
229,"Evergreen Forest","Low Intensity Developed","Evergreen Forest to Low Intensity Developed"
230,"Evergreen Forest","Developed Open Space","Evergreen Forest to Developed Open Space"
231,"Evergreen Forest","Cultivated","Evergreen Forest to Cultivated"
232,"Evergreen Forest","Pasture/Hay","Evergreen Forest to Pasture/Hay"
233,"Evergreen Forest","Grassland","Evergreen Forest to Grassland"
234,"Evergreen Forest","Deciduous Forest","Evergreen Forest to Deciduous Forest"
235,"Evergreen Forest","Evergreen Forest","Evergreen Forest to Evergreen Forest"
236,"Evergreen Forest","Mixed Forest","Evergreen Forest to Mixed Forest"
237,"Evergreen Forest","Scrub/Shrub","Evergreen Forest to Scrub/Shrub"
238,"Evergreen Forest","Palustrine Forested Wetland","Evergreen Forest to Palustrine Forested Wetland"
239,"Evergreen Forest","Palustrine Scrub/Shrub Wetland","Evergreen Forest to Palustrine Scrub/Shrub Wetland"
240,"Evergreen Forest","Palustrine Emergent Wetland","Evergreen Forest to Palustrine Emergent Wetland"
241,"Evergreen Forest","Estuarine Forested Wetland","Evergreen Forest to Estuarine Forested Wetland"
242,"Evergreen Forest","Estuarine Scrub/Shrub Wetland","Evergreen Forest to Estuarine Scrub/Shrub Wetland"
243,"Evergreen Forest","Estuarine Emergent Wetland","Evergreen Forest to Estuarine Emergent Wetland"
244,"Evergreen Forest","Unconsolidated Shore","Evergreen Forest to Unconsolidated Shore"
245,"Evergreen Forest","Bare Land","Evergreen Forest to Bare Land"
246,"Evergreen Forest","Water","Evergreen Forest to Water"
247,"Evergreen Forest","Palustrine Aquatic Bed","Evergreen Forest to Palustrine Aquatic Bed"
248,"Evergreen Forest","Estuarine Aquatic Bed","Evergreen Forest to Estuarine Aquatic Bed"
249,"Evergreen Forest","Tundra","Evergreen Forest to Tundra"
250,"Evergreen Forest","Snow/Ice","Evergreen Forest to Snow/Ice"
251,"Mixed Forest","Unclassified","Mixed Forest to Unclassified"
252,"Mixed Forest","High Intensity Developed","Mixed Forest to High Intensity Developed"
253,"Mixed Forest","Medium Intensity Developed","Mixed Forest to Medium Intensity Developed"
254,"Mixed Forest","Low Intensity Developed","Mixed Forest to Low Intensity Developed"
255,"Mixed Forest","Developed Open Space","Mixed Forest to Developed Open Space"
256,"Mixed Forest","Cultivated","Mixed Forest to Cultivated"
257,"Mixed Forest","Pasture/Hay","Mixed Forest to Pasture/Hay"
258,"Mixed Forest","Grassland","Mixed Forest to Grassland"
259,"Mixed Forest","Deciduous Forest","Mixed Forest to Deciduous Forest"
260,"Mixed Forest","Evergreen Forest","Mixed Forest to Evergreen Forest"
261,"Mixed Forest","Mixed Forest","Mixed Forest to Mixed Forest"
262,"Mixed Forest","Scrub/Shrub","Mixed Forest to Scrub/Shrub"
263,"Mixed Forest","Palustrine Forested Wetland","Mixed Forest to Palustrine Forested Wetland"
264,"Mixed Forest","Palustrine Scrub/Shrub Wetland","Mixed Forest to Palustrine Scrub/Shrub Wetland"
265,"Mixed Forest","Palustrine Emergent Wetland","Mixed Forest to Palustrine Emergent Wetland"
266,"Mixed Forest","Estuarine Forested Wetland","Mixed Forest to Estuarine Forested Wetland"
267,"Mixed Forest","Estuarine Scrub/Shrub Wetland","Mixed Forest to Estuarine Scrub/Shrub Wetland"
268,"Mixed Forest","Estuarine Emergent Wetland","Mixed Forest to Estuarine Emergent Wetland"
269,"Mixed Forest","Unconsolidated Shore","Mixed Forest to Unconsolidated Shore"
270,"Mixed Forest","Bare Land","Mixed Forest to Bare Land"
271,"Mixed Forest","Water","Mixed Forest to Water"
272,"Mixed Forest","Palustrine Aquatic Bed","Mixed Forest to Palustrine Aquatic Bed"
273,"Mixed Forest","Estuarine Aquatic Bed","Mixed Forest to Estuarine Aquatic Bed"
274,"Mixed Forest","Tundra","Mixed Forest to Tundra"
275,"Mixed Forest","Snow/Ice","Mixed Forest to Snow/Ice"
276,"Scrub/Shrub","Unclassified","Scrub/Shrub to Unclassified"
277,"Scrub/Shrub","High Intensity Developed","Scrub/Shrub to High Intensity Developed"
278,"Scrub/Shrub","Medium Intensity Developed","Scrub/Shrub to Medium Intensity Developed"
279,"Scrub/Shrub","Low Intensity Developed","Scrub/Shrub to Low Intensity Developed"
280,"Scrub/Shrub","Developed Open Space","Scrub/Shrub to Developed Open Space"
281,"Scrub/Shrub","Cultivated","Scrub/Shrub to Cultivated"
282,"Scrub/Shrub","Pasture/Hay","Scrub/Shrub to Pasture/Hay"
283,"Scrub/Shrub","Grassland","Scrub/Shrub to Grassland"
284,"Scrub/Shrub","Deciduous Forest","Scrub/Shrub to Deciduous Forest"
285,"Scrub/Shrub","Evergreen Forest","Scrub/Shrub to Evergreen Forest"
286,"Scrub/Shrub","Mixed Forest","Scrub/Shrub to Mixed Forest"
287,"Scrub/Shrub","Scrub/Shrub","Scrub/Shrub to Scrub/Shrub"
288,"Scrub/Shrub","Palustrine Forested Wetland","Scrub/Shrub to Palustrine Forested Wetland"
289,"Scrub/Shrub","Palustrine Scrub/Shrub Wetland","Scrub/Shrub to Palustrine Scrub/Shrub Wetland"
290,"Scrub/Shrub","Palustrine Emergent Wetland","Scrub/Shrub to Palustrine Emergent Wetland"
291,"Scrub/Shrub","Estuarine Forested Wetland","Scrub/Shrub to Estuarine Forested Wetland"
292,"Scrub/Shrub","Estuarine Scrub/Shrub Wetland","Scrub/Shrub to Estuarine Scrub/Shrub Wetland"
293,"Scrub/Shrub","Estuarine Emergent Wetland","Scrub/Shrub to Estuarine Emergent Wetland"
294,"Scrub/Shrub","Unconsolidated Shore","Scrub/Shrub to Unconsolidated Shore"
295,"Scrub/Shrub","Bare Land","Scrub/Shrub to Bare Land"
296,"Scrub/Shrub","Water","Scrub/Shrub to Water"
297,"Scrub/Shrub","Palustrine Aquatic Bed","Scrub/Shrub to Palustrine Aquatic Bed"
298,"Scrub/Shrub","Estuarine Aquatic Bed","Scrub/Shrub to Estuarine Aquatic Bed"
299,"Scrub/Shrub","Tundra","Scrub/Shrub to Tundra"
300,"Scrub/Shrub","Snow/Ice","Scrub/Shrub to Snow/Ice"
301,"Palustrine Forested Wetland","Unclassified","Palustrine Forested Wetland to Unclassified"
302,"Palustrine Forested Wetland","High Intensity Developed","Palustrine Forested Wetland to High Intensity Developed"
303,"Palustrine Forested Wetland","Medium Intensity Developed","Palustrine Forested Wetland to Medium Intensity Developed"
304,"Palustrine Forested Wetland","Low Intensity Developed","Palustrine Forested Wetland to Low Intensity Developed"
305,"Palustrine Forested Wetland","Developed Open Space","Palustrine Forested Wetland to Developed Open Space"
306,"Palustrine Forested Wetland","Cultivated","Palustrine Forested Wetland to Cultivated"
307,"Palustrine Forested Wetland","Pasture/Hay","Palustrine Forested Wetland to Pasture/Hay"
308,"Palustrine Forested Wetland","Grassland","Palustrine Forested Wetland to Grassland"
309,"Palustrine Forested Wetland","Deciduous Forest","Palustrine Forested Wetland to Deciduous Forest"
310,"Palustrine Forested Wetland","Evergreen Forest","Palustrine Forested Wetland to Evergreen Forest"
311,"Palustrine Forested Wetland","Mixed Forest","Palustrine Forested Wetland to Mixed Forest"
312,"Palustrine Forested Wetland","Scrub/Shrub","Palustrine Forested Wetland to Scrub/Shrub"
313,"Palustrine Forested Wetland","Palustrine Forested Wetland","Palustrine Forested Wetland to Palustrine Forested Wetland"
314,"Palustrine Forested Wetland","Palustrine Scrub/Shrub Wetland","Palustrine Forested Wetland to Palustrine Scrub/Shrub Wetland"
315,"Palustrine Forested Wetland","Palustrine Emergent Wetland","Palustrine Forested Wetland to Palustrine Emergent Wetland"
316,"Palustrine Forested Wetland","Estuarine Forested Wetland","Palustrine Forested Wetland to Estuarine Forested Wetland"
317,"Palustrine Forested Wetland","Estuarine Scrub/Shrub Wetland","Palustrine Forested Wetland to Estuarine Scrub/Shrub Wetland"
318,"Palustrine Forested Wetland","Estuarine Emergent Wetland","Palustrine Forested Wetland to Estuarine Emergent Wetland"
319,"Palustrine Forested Wetland","Unconsolidated Shore","Palustrine Forested Wetland to Unconsolidated Shore"
320,"Palustrine Forested Wetland","Bare Land","Palustrine Forested Wetland to Bare Land"
321,"Palustrine Forested Wetland","Water","Palustrine Forested Wetland to Water"
322,"Palustrine Forested Wetland","Palustrine Aquatic Bed","Palustrine Forested Wetland to Palustrine Aquatic Bed"
323,"Palustrine Forested Wetland","Estuarine Aquatic Bed","Palustrine Forested Wetland to Estuarine Aquatic Bed"
324,"Palustrine Forested Wetland","Tundra","Palustrine Forested Wetland to Tundra"
325,"Palustrine Forested Wetland","Snow/Ice","Palustrine Forested Wetland to Snow/Ice"
326,"Palustrine Scrub/Shrub Wetland","Unclassified","Palustrine Scrub/Shrub Wetland to Unclassified"
327,"Palustrine Scrub/Shrub Wetland","High Intensity Developed","Palustrine Scrub/Shrub Wetland to High Intensity Developed"
328,"Palustrine Scrub/Shrub Wetland","Medium Intensity Developed","Palustrine Scrub/Shrub Wetland to Medium Intensity Developed"
329,"Palustrine Scrub/Shrub Wetland","Low Intensity Developed","Palustrine Scrub/Shrub Wetland to Low Intensity Developed"
330,"Palustrine Scrub/Shrub Wetland","Developed Open Space","Palustrine Scrub/Shrub Wetland to Developed Open Space"
331,"Palustrine Scrub/Shrub Wetland","Cultivated","Palustrine Scrub/Shrub Wetland to Cultivated"
332,"Palustrine Scrub/Shrub Wetland","Pasture/Hay","Palustrine Scrub/Shrub Wetland to Pasture/Hay"
333,"Palustrine Scrub/Shrub Wetland","Grassland","Palustrine Scrub/Shrub Wetland to Grassland"
334,"Palustrine Scrub/Shrub Wetland","Deciduous Forest","Palustrine Scrub/Shrub Wetland to Deciduous Forest"
335,"Palustrine Scrub/Shrub Wetland","Evergreen Forest","Palustrine Scrub/Shrub Wetland to Evergreen Forest"
336,"Palustrine Scrub/Shrub Wetland","Mixed Forest","Palustrine Scrub/Shrub Wetland to Mixed Forest"
337,"Palustrine Scrub/Shrub Wetland","Scrub/Shrub","Palustrine Scrub/Shrub Wetland to Scrub/Shrub"
338,"Palustrine Scrub/Shrub Wetland","Palustrine Forested Wetland","Palustrine Scrub/Shrub Wetland to Palustrine Forested Wetland"
339,"Palustrine Scrub/Shrub Wetland","Palustrine Scrub/Shrub Wetland","Palustrine Scrub/Shrub Wetland to Palustrine Scrub/Shrub Wetland"
340,"Palustrine Scrub/Shrub Wetland","Palustrine Emergent Wetland","Palustrine Scrub/Shrub Wetland to Palustrine Emergent Wetland"
341,"Palustrine Scrub/Shrub Wetland","Estuarine Forested Wetland","Palustrine Scrub/Shrub Wetland to Estuarine Forested Wetland"
342,"Palustrine Scrub/Shrub Wetland","Estuarine Scrub/Shrub Wetland","Palustrine Scrub/Shrub Wetland to Estuarine Scrub/Shrub Wetland"
343,"Palustrine Scrub/Shrub Wetland","Estuarine Emergent Wetland","Palustrine Scrub/Shrub Wetland to Estuarine Emergent Wetland"
344,"Palustrine Scrub/Shrub Wetland","Unconsolidated Shore","Palustrine Scrub/Shrub Wetland to Unconsolidated Shore"
345,"Palustrine Scrub/Shrub Wetland","Bare Land","Palustrine Scrub/Shrub Wetland to Bare Land"
346,"Palustrine Scrub/Shrub Wetland","Water","Palustrine Scrub/Shrub Wetland to Water"
347,"Palustrine Scrub/Shrub Wetland","Palustrine Aquatic Bed","Palustrine Scrub/Shrub Wetland to Palustrine Aquatic Bed"
348,"Palustrine Scrub/Shrub Wetland","Estuarine Aquatic Bed","Palustrine Scrub/Shrub Wetland to Estuarine Aquatic Bed"
349,"Palustrine Scrub/Shrub Wetland","Tundra","Palustrine Scrub/Shrub Wetland to Tundra"
350,"Palustrine Scrub/Shrub Wetland","Snow/Ice","Palustrine Scrub/Shrub Wetland to Snow/Ice"
351,"Palustrine Emergent Wetland","Unclassified","Palustrine Emergent Wetland to Unclassified"
352,"Palustrine Emergent Wetland","High Intensity Developed","Palustrine Emergent Wetland to High Intensity Developed"
353,"Palustrine Emergent Wetland","Medium Intensity Developed","Palustrine Emergent Wetland to Medium Intensity Developed"
354,"Palustrine Emergent Wetland","Low Intensity Developed","Palustrine Emergent Wetland to Low Intensity Developed"
355,"Palustrine Emergent Wetland","Developed Open Space","Palustrine Emergent Wetland to Developed Open Space"
356,"Palustrine Emergent Wetland","Cultivated","Palustrine Emergent Wetland to Cultivated"
357,"Palustrine Emergent Wetland","Pasture/Hay","Palustrine Emergent Wetland to Pasture/Hay"
358,"Palustrine Emergent Wetland","Grassland","Palustrine Emergent Wetland to Grassland"
359,"Palustrine Emergent Wetland","Deciduous Forest","Palustrine Emergent Wetland to Deciduous Forest"
360,"Palustrine Emergent Wetland","Evergreen Forest","Palustrine Emergent Wetland to Evergreen Forest"
361,"Palustrine Emergent Wetland","Mixed Forest","Palustrine Emergent Wetland to Mixed Forest"
362,"Palustrine Emergent Wetland","Scrub/Shrub","Palustrine Emergent Wetland to Scrub/Shrub"
363,"Palustrine Emergent Wetland","Palustrine Forested Wetland","Palustrine Emergent Wetland to Palustrine Forested Wetland"
364,"Palustrine Emergent Wetland","Palustrine Scrub/Shrub Wetland","Palustrine Emergent Wetland to Palustrine Scrub/Shrub Wetland"
365,"Palustrine Emergent Wetland","Palustrine Emergent Wetland","Palustrine Emergent Wetland to Palustrine Emergent Wetland"
366,"Palustrine Emergent Wetland","Estuarine Forested Wetland","Palustrine Emergent Wetland to Estuarine Forested Wetland"
367,"Palustrine Emergent Wetland","Estuarine Scrub/Shrub Wetland","Palustrine Emergent Wetland to Estuarine Scrub/Shrub Wetland"
368,"Palustrine Emergent Wetland","Estuarine Emergent Wetland","Palustrine Emergent Wetland to Estuarine Emergent Wetland"
369,"Palustrine Emergent Wetland","Unconsolidated Shore","Palustrine Emergent Wetland to Unconsolidated Shore"
370,"Palustrine Emergent Wetland","Bare Land","Palustrine Emergent Wetland to Bare Land"
371,"Palustrine Emergent Wetland","Water","Palustrine Emergent Wetland to Water"
372,"Palustrine Emergent Wetland","Palustrine Aquatic Bed","Palustrine Emergent Wetland to Palustrine Aquatic Bed"
373,"Palustrine Emergent Wetland","Estuarine Aquatic Bed","Palustrine Emergent Wetland to Estuarine Aquatic Bed"
374,"Palustrine Emergent Wetland","Tundra","Palustrine Emergent Wetland to Tundra"
375,"Palustrine Emergent Wetland","Snow/Ice","Palustrine Emergent Wetland to Snow/Ice"
376,"Estuarine Forested Wetland","Unclassified","Estuarine Forested Wetland to Unclassified"
377,"Estuarine Forested Wetland","High Intensity Developed","Estuarine Forested Wetland to High Intensity Developed"
378,"Estuarine Forested Wetland","Medium Intensity Developed","Estuarine Forested Wetland to Medium Intensity Developed"
379,"Estuarine Forested Wetland","Low Intensity Developed","Estuarine Forested Wetland to Low Intensity Developed"
380,"Estuarine Forested Wetland","Developed Open Space","Estuarine Forested Wetland to Developed Open Space"
381,"Estuarine Forested Wetland","Cultivated","Estuarine Forested Wetland to Cultivated"
382,"Estuarine Forested Wetland","Pasture/Hay","Estuarine Forested Wetland to Pasture/Hay"
383,"Estuarine Forested Wetland","Grassland","Estuarine Forested Wetland to Grassland"
384,"Estuarine Forested Wetland","Deciduous Forest","Estuarine Forested Wetland to Deciduous Forest"
385,"Estuarine Forested Wetland","Evergreen Forest","Estuarine Forested Wetland to Evergreen Forest"
386,"Estuarine Forested Wetland","Mixed Forest","Estuarine Forested Wetland to Mixed Forest"
387,"Estuarine Forested Wetland","Scrub/Shrub","Estuarine Forested Wetland to Scrub/Shrub"
388,"Estuarine Forested Wetland","Palustrine Forested Wetland","Estuarine Forested Wetland to Palustrine Forested Wetland"
389,"Estuarine Forested Wetland","Palustrine Scrub/Shrub Wetland","Estuarine Forested Wetland to Palustrine Scrub/Shrub Wetland"
390,"Estuarine Forested Wetland","Palustrine Emergent Wetland","Estuarine Forested Wetland to Palustrine Emergent Wetland"
391,"Estuarine Forested Wetland","Estuarine Forested Wetland","Estuarine Forested Wetland to Estuarine Forested Wetland"
392,"Estuarine Forested Wetland","Estuarine Scrub/Shrub Wetland","Estuarine Forested Wetland to Estuarine Scrub/Shrub Wetland"
393,"Estuarine Forested Wetland","Estuarine Emergent Wetland","Estuarine Forested Wetland to Estuarine Emergent Wetland"
394,"Estuarine Forested Wetland","Unconsolidated Shore","Estuarine Forested Wetland to Unconsolidated Shore"
395,"Estuarine Forested Wetland","Bare Land","Estuarine Forested Wetland to Bare Land"
396,"Estuarine Forested Wetland","Water","Estuarine Forested Wetland to Water"
397,"Estuarine Forested Wetland","Palustrine Aquatic Bed","Estuarine Forested Wetland to Palustrine Aquatic Bed"
398,"Estuarine Forested Wetland","Estuarine Aquatic Bed","Estuarine Forested Wetland to Estuarine Aquatic Bed"
399,"Estuarine Forested Wetland","Tundra","Estuarine Forested Wetland to Tundra"
400,"Estuarine Forested Wetland","Snow/Ice","Estuarine Forested Wetland to Snow/Ice"
401,"Estuarine Scrub/Shrub Wetland","Unclassified","Estuarine Scrub/Shrub Wetland to Unclassified"
402,"Estuarine Scrub/Shrub Wetland","High Intensity Developed","Estuarine Scrub/Shrub Wetland to High Intensity Developed"
403,"Estuarine Scrub/Shrub Wetland","Medium Intensity Developed","Estuarine Scrub/Shrub Wetland to Medium Intensity Developed"
404,"Estuarine Scrub/Shrub Wetland","Low Intensity Developed","Estuarine Scrub/Shrub Wetland to Low Intensity Developed"
405,"Estuarine Scrub/Shrub Wetland","Developed Open Space","Estuarine Scrub/Shrub Wetland to Developed Open Space"
406,"Estuarine Scrub/Shrub Wetland","Cultivated","Estuarine Scrub/Shrub Wetland to Cultivated"
407,"Estuarine Scrub/Shrub Wetland","Pasture/Hay","Estuarine Scrub/Shrub Wetland to Pasture/Hay"
408,"Estuarine Scrub/Shrub Wetland","Grassland","Estuarine Scrub/Shrub Wetland to Grassland"
409,"Estuarine Scrub/Shrub Wetland","Deciduous Forest","Estuarine Scrub/Shrub Wetland to Deciduous Forest"
410,"Estuarine Scrub/Shrub Wetland","Evergreen Forest","Estuarine Scrub/Shrub Wetland to Evergreen Forest"
411,"Estuarine Scrub/Shrub Wetland","Mixed Forest","Estuarine Scrub/Shrub Wetland to Mixed Forest"
412,"Estuarine Scrub/Shrub Wetland","Scrub/Shrub","Estuarine Scrub/Shrub Wetland to Scrub/Shrub"
413,"Estuarine Scrub/Shrub Wetland","Palustrine Forested Wetland","Estuarine Scrub/Shrub Wetland to Palustrine Forested Wetland"
414,"Estuarine Scrub/Shrub Wetland","Palustrine Scrub/Shrub Wetland","Estuarine Scrub/Shrub Wetland to Palustrine Scrub/Shrub Wetland"
415,"Estuarine Scrub/Shrub Wetland","Palustrine Emergent Wetland","Estuarine Scrub/Shrub Wetland to Palustrine Emergent Wetland"
416,"Estuarine Scrub/Shrub Wetland","Estuarine Forested Wetland","Estuarine Scrub/Shrub Wetland to Estuarine Forested Wetland"
417,"Estuarine Scrub/Shrub Wetland","Estuarine Scrub/Shrub Wetland","Estuarine Scrub/Shrub Wetland to Estuarine Scrub/Shrub Wetland"
418,"Estuarine Scrub/Shrub Wetland","Estuarine Emergent Wetland","Estuarine Scrub/Shrub Wetland to Estuarine Emergent Wetland"
419,"Estuarine Scrub/Shrub Wetland","Unconsolidated Shore","Estuarine Scrub/Shrub Wetland to Unconsolidated Shore"
420,"Estuarine Scrub/Shrub Wetland","Bare Land","Estuarine Scrub/Shrub Wetland to Bare Land"
421,"Estuarine Scrub/Shrub Wetland","Water","Estuarine Scrub/Shrub Wetland to Water"
422,"Estuarine Scrub/Shrub Wetland","Palustrine Aquatic Bed","Estuarine Scrub/Shrub Wetland to Palustrine Aquatic Bed"
423,"Estuarine Scrub/Shrub Wetland","Estuarine Aquatic Bed","Estuarine Scrub/Shrub Wetland to Estuarine Aquatic Bed"
424,"Estuarine Scrub/Shrub Wetland","Tundra","Estuarine Scrub/Shrub Wetland to Tundra"
425,"Estuarine Scrub/Shrub Wetland","Snow/Ice","Estuarine Scrub/Shrub Wetland to Snow/Ice"
426,"Estuarine Emergent Wetland","Unclassified","Estuarine Emergent Wetland to Unclassified"
427,"Estuarine Emergent Wetland","High Intensity Developed","Estuarine Emergent Wetland to High Intensity Developed"
428,"Estuarine Emergent Wetland","Medium Intensity Developed","Estuarine Emergent Wetland to Medium Intensity Developed"
429,"Estuarine Emergent Wetland","Low Intensity Developed","Estuarine Emergent Wetland to Low Intensity Developed"
430,"Estuarine Emergent Wetland","Developed Open Space","Estuarine Emergent Wetland to Developed Open Space"
431,"Estuarine Emergent Wetland","Cultivated","Estuarine Emergent Wetland to Cultivated"
432,"Estuarine Emergent Wetland","Pasture/Hay","Estuarine Emergent Wetland to Pasture/Hay"
433,"Estuarine Emergent Wetland","Grassland","Estuarine Emergent Wetland to Grassland"
434,"Estuarine Emergent Wetland","Deciduous Forest","Estuarine Emergent Wetland to Deciduous Forest"
435,"Estuarine Emergent Wetland","Evergreen Forest","Estuarine Emergent Wetland to Evergreen Forest"
436,"Estuarine Emergent Wetland","Mixed Forest","Estuarine Emergent Wetland to Mixed Forest"
437,"Estuarine Emergent Wetland","Scrub/Shrub","Estuarine Emergent Wetland to Scrub/Shrub"
438,"Estuarine Emergent Wetland","Palustrine Forested Wetland","Estuarine Emergent Wetland to Palustrine Forested Wetland"
439,"Estuarine Emergent Wetland","Palustrine Scrub/Shrub Wetland","Estuarine Emergent Wetland to Palustrine Scrub/Shrub Wetland"
440,"Estuarine Emergent Wetland","Palustrine Emergent Wetland","Estuarine Emergent Wetland to Palustrine Emergent Wetland"
441,"Estuarine Emergent Wetland","Estuarine Forested Wetland","Estuarine Emergent Wetland to Estuarine Forested Wetland"
442,"Estuarine Emergent Wetland","Estuarine Scrub/Shrub Wetland","Estuarine Emergent Wetland to Estuarine Scrub/Shrub Wetland"
443,"Estuarine Emergent Wetland","Estuarine Emergent Wetland","Estuarine Emergent Wetland to Estuarine Emergent Wetland"
444,"Estuarine Emergent Wetland","Unconsolidated Shore","Estuarine Emergent Wetland to Unconsolidated Shore"
445,"Estuarine Emergent Wetland","Bare Land","Estuarine Emergent Wetland to Bare Land"
446,"Estuarine Emergent Wetland","Water","Estuarine Emergent Wetland to Water"
447,"Estuarine Emergent Wetland","Palustrine Aquatic Bed","Estuarine Emergent Wetland to Palustrine Aquatic Bed"
448,"Estuarine Emergent Wetland","Estuarine Aquatic Bed","Estuarine Emergent Wetland to Estuarine Aquatic Bed"
449,"Estuarine Emergent Wetland","Tundra","Estuarine Emergent Wetland to Tundra"
450,"Estuarine Emergent Wetland","Snow/Ice","Estuarine Emergent Wetland to Snow/Ice"
451,"Unconsolidated Shore","Unclassified","Unconsolidated Shore to Unclassified"
452,"Unconsolidated Shore","High Intensity Developed","Unconsolidated Shore to High Intensity Developed"
453,"Unconsolidated Shore","Medium Intensity Developed","Unconsolidated Shore to Medium Intensity Developed"
454,"Unconsolidated Shore","Low Intensity Developed","Unconsolidated Shore to Low Intensity Developed"
455,"Unconsolidated Shore","Developed Open Space","Unconsolidated Shore to Developed Open Space"
456,"Unconsolidated Shore","Cultivated","Unconsolidated Shore to Cultivated"
457,"Unconsolidated Shore","Pasture/Hay","Unconsolidated Shore to Pasture/Hay"
458,"Unconsolidated Shore","Grassland","Unconsolidated Shore to Grassland"
459,"Unconsolidated Shore","Deciduous Forest","Unconsolidated Shore to Deciduous Forest"
460,"Unconsolidated Shore","Evergreen Forest","Unconsolidated Shore to Evergreen Forest"
461,"Unconsolidated Shore","Mixed Forest","Unconsolidated Shore to Mixed Forest"
462,"Unconsolidated Shore","Scrub/Shrub","Unconsolidated Shore to Scrub/Shrub"
463,"Unconsolidated Shore","Palustrine Forested Wetland","Unconsolidated Shore to Palustrine Forested Wetland"
464,"Unconsolidated Shore","Palustrine Scrub/Shrub Wetland","Unconsolidated Shore to Palustrine Scrub/Shrub Wetland"
465,"Unconsolidated Shore","Palustrine Emergent Wetland","Unconsolidated Shore to Palustrine Emergent Wetland"
466,"Unconsolidated Shore","Estuarine Forested Wetland","Unconsolidated Shore to Estuarine Forested Wetland"
467,"Unconsolidated Shore","Estuarine Scrub/Shrub Wetland","Unconsolidated Shore to Estuarine Scrub/Shrub Wetland"
468,"Unconsolidated Shore","Estuarine Emergent Wetland","Unconsolidated Shore to Estuarine Emergent Wetland"
469,"Unconsolidated Shore","Unconsolidated Shore","Unconsolidated Shore to Unconsolidated Shore"
470,"Unconsolidated Shore","Bare Land","Unconsolidated Shore to Bare Land"
471,"Unconsolidated Shore","Water","Unconsolidated Shore to Water"
472,"Unconsolidated Shore","Palustrine Aquatic Bed","Unconsolidated Shore to Palustrine Aquatic Bed"
473,"Unconsolidated Shore","Estuarine Aquatic Bed","Unconsolidated Shore to Estuarine Aquatic Bed"
474,"Unconsolidated Shore","Tundra","Unconsolidated Shore to Tundra"
475,"Unconsolidated Shore","Snow/Ice","Unconsolidated Shore to Snow/Ice"
476,"Bare Land","Unclassified","Bare Land to Unclassified"
477,"Bare Land","High Intensity Developed","Bare Land to High Intensity Developed"
478,"Bare Land","Medium Intensity Developed","Bare Land to Medium Intensity Developed"
479,"Bare Land","Low Intensity Developed","Bare Land to Low Intensity Developed"
480,"Bare Land","Developed Open Space","Bare Land to Developed Open Space"
481,"Bare Land","Cultivated","Bare Land to Cultivated"
482,"Bare Land","Pasture/Hay","Bare Land to Pasture/Hay"
483,"Bare Land","Grassland","Bare Land to Grassland"
484,"Bare Land","Deciduous Forest","Bare Land to Deciduous Forest"
485,"Bare Land","Evergreen Forest","Bare Land to Evergreen Forest"
486,"Bare Land","Mixed Forest","Bare Land to Mixed Forest"
487,"Bare Land","Scrub/Shrub","Bare Land to Scrub/Shrub"
488,"Bare Land","Palustrine Forested Wetland","Bare Land to Palustrine Forested Wetland"
489,"Bare Land","Palustrine Scrub/Shrub Wetland","Bare Land to Palustrine Scrub/Shrub Wetland"
490,"Bare Land","Palustrine Emergent Wetland","Bare Land to Palustrine Emergent Wetland"
491,"Bare Land","Estuarine Forested Wetland","Bare Land to Estuarine Forested Wetland"
492,"Bare Land","Estuarine Scrub/Shrub Wetland","Bare Land to Estuarine Scrub/Shrub Wetland"
493,"Bare Land","Estuarine Emergent Wetland","Bare Land to Estuarine Emergent Wetland"
494,"Bare Land","Unconsolidated Shore","Bare Land to Unconsolidated Shore"
495,"Bare Land","Bare Land","Bare Land to Bare Land"
496,"Bare Land","Water","Bare Land to Water"
497,"Bare Land","Palustrine Aquatic Bed","Bare Land to Palustrine Aquatic Bed"
498,"Bare Land","Estuarine Aquatic Bed","Bare Land to Estuarine Aquatic Bed"
499,"Bare Land","Tundra","Bare Land to Tundra"
500,"Bare Land","Snow/Ice","Bare Land to Snow/Ice"
501,"Water","Unclassified","Water to Unclassified"
502,"Water","High Intensity Developed","Water to High Intensity Developed"
503,"Water","Medium Intensity Developed","Water to Medium Intensity Developed"
504,"Water","Low Intensity Developed","Water to Low Intensity Developed"
505,"Water","Developed Open Space","Water to Developed Open Space"
506,"Water","Cultivated","Water to Cultivated"
507,"Water","Pasture/Hay","Water to Pasture/Hay"
508,"Water","Grassland","Water to Grassland"
509,"Water","Deciduous Forest","Water to Deciduous Forest"
510,"Water","Evergreen Forest","Water to Evergreen Forest"
511,"Water","Mixed Forest","Water to Mixed Forest"
512,"Water","Scrub/Shrub","Water to Scrub/Shrub"
513,"Water","Palustrine Forested Wetland","Water to Palustrine Forested Wetland"
514,"Water","Palustrine Scrub/Shrub Wetland","Water to Palustrine Scrub/Shrub Wetland"
515,"Water","Palustrine Emergent Wetland","Water to Palustrine Emergent Wetland"
516,"Water","Estuarine Forested Wetland","Water to Estuarine Forested Wetland"
517,"Water","Estuarine Scrub/Shrub Wetland","Water to Estuarine Scrub/Shrub Wetland"
518,"Water","Estuarine Emergent Wetland","Water to Estuarine Emergent Wetland"
519,"Water","Unconsolidated Shore","Water to Unconsolidated Shore"
520,"Water","Bare Land","Water to Bare Land"
521,"Water","Water","Water to Water"
522,"Water","Palustrine Aquatic Bed","Water to Palustrine Aquatic Bed"
523,"Water","Estuarine Aquatic Bed","Water to Estuarine Aquatic Bed"
524,"Water","Tundra","Water to Tundra"
525,"Water","Snow/Ice","Water to Snow/Ice"
526,"Palustrine Aquatic Bed","Unclassified","Palustrine Aquatic Bed to Unclassified"
527,"Palustrine Aquatic Bed","High Intensity Developed","Palustrine Aquatic Bed to High Intensity Developed"
528,"Palustrine Aquatic Bed","Medium Intensity Developed","Palustrine Aquatic Bed to Medium Intensity Developed"
529,"Palustrine Aquatic Bed","Low Intensity Developed","Palustrine Aquatic Bed to Low Intensity Developed"
530,"Palustrine Aquatic Bed","Developed Open Space","Palustrine Aquatic Bed to Developed Open Space"
531,"Palustrine Aquatic Bed","Cultivated","Palustrine Aquatic Bed to Cultivated"
532,"Palustrine Aquatic Bed","Pasture/Hay","Palustrine Aquatic Bed to Pasture/Hay"
533,"Palustrine Aquatic Bed","Grassland","Palustrine Aquatic Bed to Grassland"
534,"Palustrine Aquatic Bed","Deciduous Forest","Palustrine Aquatic Bed to Deciduous Forest"
535,"Palustrine Aquatic Bed","Evergreen Forest","Palustrine Aquatic Bed to Evergreen Forest"
536,"Palustrine Aquatic Bed","Mixed Forest","Palustrine Aquatic Bed to Mixed Forest"
537,"Palustrine Aquatic Bed","Scrub/Shrub","Palustrine Aquatic Bed to Scrub/Shrub"
538,"Palustrine Aquatic Bed","Palustrine Forested Wetland","Palustrine Aquatic Bed to Palustrine Forested Wetland"
539,"Palustrine Aquatic Bed","Palustrine Scrub/Shrub Wetland","Palustrine Aquatic Bed to Palustrine Scrub/Shrub Wetland"
540,"Palustrine Aquatic Bed","Palustrine Emergent Wetland","Palustrine Aquatic Bed to Palustrine Emergent Wetland"
541,"Palustrine Aquatic Bed","Estuarine Forested Wetland","Palustrine Aquatic Bed to Estuarine Forested Wetland"
542,"Palustrine Aquatic Bed","Estuarine Scrub/Shrub Wetland","Palustrine Aquatic Bed to Estuarine Scrub/Shrub Wetland"
543,"Palustrine Aquatic Bed","Estuarine Emergent Wetland","Palustrine Aquatic Bed to Estuarine Emergent Wetland"
544,"Palustrine Aquatic Bed","Unconsolidated Shore","Palustrine Aquatic Bed to Unconsolidated Shore"
545,"Palustrine Aquatic Bed","Bare Land","Palustrine Aquatic Bed to Bare Land"
546,"Palustrine Aquatic Bed","Water","Palustrine Aquatic Bed to Water"
547,"Palustrine Aquatic Bed","Palustrine Aquatic Bed","Palustrine Aquatic Bed to Palustrine Aquatic Bed"
548,"Palustrine Aquatic Bed","Estuarine Aquatic Bed","Palustrine Aquatic Bed to Estuarine Aquatic Bed"
549,"Palustrine Aquatic Bed","Tundra","Palustrine Aquatic Bed to Tundra"
550,"Palustrine Aquatic Bed","Snow/Ice","Palustrine Aquatic Bed to Snow/Ice"
551,"Estuarine Aquatic Bed","Unclassified","Estuarine Aquatic Bed to Unclassified"
552,"Estuarine Aquatic Bed","High Intensity Developed","Estuarine Aquatic Bed to High Intensity Developed"
553,"Estuarine Aquatic Bed","Medium Intensity Developed","Estuarine Aquatic Bed to Medium Intensity Developed"
554,"Estuarine Aquatic Bed","Low Intensity Developed","Estuarine Aquatic Bed to Low Intensity Developed"
555,"Estuarine Aquatic Bed","Developed Open Space","Estuarine Aquatic Bed to Developed Open Space"
556,"Estuarine Aquatic Bed","Cultivated","Estuarine Aquatic Bed to Cultivated"
557,"Estuarine Aquatic Bed","Pasture/Hay","Estuarine Aquatic Bed to Pasture/Hay"
558,"Estuarine Aquatic Bed","Grassland","Estuarine Aquatic Bed to Grassland"
559,"Estuarine Aquatic Bed","Deciduous Forest","Estuarine Aquatic Bed to Deciduous Forest"
560,"Estuarine Aquatic Bed","Evergreen Forest","Estuarine Aquatic Bed to Evergreen Forest"
561,"Estuarine Aquatic Bed","Mixed Forest","Estuarine Aquatic Bed to Mixed Forest"
562,"Estuarine Aquatic Bed","Scrub/Shrub","Estuarine Aquatic Bed to Scrub/Shrub"
563,"Estuarine Aquatic Bed","Palustrine Forested Wetland","Estuarine Aquatic Bed to Palustrine Forested Wetland"
564,"Estuarine Aquatic Bed","Palustrine Scrub/Shrub Wetland","Estuarine Aquatic Bed to Palustrine Scrub/Shrub Wetland"
565,"Estuarine Aquatic Bed","Palustrine Emergent Wetland","Estuarine Aquatic Bed to Palustrine Emergent Wetland"
566,"Estuarine Aquatic Bed","Estuarine Forested Wetland","Estuarine Aquatic Bed to Estuarine Forested Wetland"
567,"Estuarine Aquatic Bed","Estuarine Scrub/Shrub Wetland","Estuarine Aquatic Bed to Estuarine Scrub/Shrub Wetland"
568,"Estuarine Aquatic Bed","Estuarine Emergent Wetland","Estuarine Aquatic Bed to Estuarine Emergent Wetland"
569,"Estuarine Aquatic Bed","Unconsolidated Shore","Estuarine Aquatic Bed to Unconsolidated Shore"
570,"Estuarine Aquatic Bed","Bare Land","Estuarine Aquatic Bed to Bare Land"
571,"Estuarine Aquatic Bed","Water","Estuarine Aquatic Bed to Water"
572,"Estuarine Aquatic Bed","Palustrine Aquatic Bed","Estuarine Aquatic Bed to Palustrine Aquatic Bed"
573,"Estuarine Aquatic Bed","Estuarine Aquatic Bed","Estuarine Aquatic Bed to Estuarine Aquatic Bed"
574,"Estuarine Aquatic Bed","Tundra","Estuarine Aquatic Bed to Tundra"
575,"Estuarine Aquatic Bed","Snow/Ice","Estuarine Aquatic Bed to Snow/Ice"
576,"Tundra","Unclassified","Tundra to Unclassified"
577,"Tundra","High Intensity Developed","Tundra to High Intensity Developed"
578,"Tundra","Medium Intensity Developed","Tundra to Medium Intensity Developed"
579,"Tundra","Low Intensity Developed","Tundra to Low Intensity Developed"
580,"Tundra","Developed Open Space","Tundra to Developed Open Space"
581,"Tundra","Cultivated","Tundra to Cultivated"
582,"Tundra","Pasture/Hay","Tundra to Pasture/Hay"
583,"Tundra","Grassland","Tundra to Grassland"
584,"Tundra","Deciduous Forest","Tundra to Deciduous Forest"
585,"Tundra","Evergreen Forest","Tundra to Evergreen Forest"
586,"Tundra","Mixed Forest","Tundra to Mixed Forest"
587,"Tundra","Scrub/Shrub","Tundra to Scrub/Shrub"
588,"Tundra","Palustrine Forested Wetland","Tundra to Palustrine Forested Wetland"
589,"Tundra","Palustrine Scrub/Shrub Wetland","Tundra to Palustrine Scrub/Shrub Wetland"
590,"Tundra","Palustrine Emergent Wetland","Tundra to Palustrine Emergent Wetland"
591,"Tundra","Estuarine Forested Wetland","Tundra to Estuarine Forested Wetland"
592,"Tundra","Estuarine Scrub/Shrub Wetland","Tundra to Estuarine Scrub/Shrub Wetland"
593,"Tundra","Estuarine Emergent Wetland","Tundra to Estuarine Emergent Wetland"
594,"Tundra","Unconsolidated Shore","Tundra to Unconsolidated Shore"
595,"Tundra","Bare Land","Tundra to Bare Land"
596,"Tundra","Water","Tundra to Water"
597,"Tundra","Palustrine Aquatic Bed","Tundra to Palustrine Aquatic Bed"
598,"Tundra","Estuarine Aquatic Bed","Tundra to Estuarine Aquatic Bed"
599,"Tundra","Tundra","Tundra to Tundra"
600,"Tundra","Snow/Ice","Tundra to Snow/Ice"
601,"Snow/Ice","Unclassified","Snow/Ice to Unclassified"
602,"Snow/Ice","High Intensity Developed","Snow/Ice to High Intensity Developed"
603,"Snow/Ice","Medium Intensity Developed","Snow/Ice to Medium Intensity Developed"
604,"Snow/Ice","Low Intensity Developed","Snow/Ice to Low Intensity Developed"
605,"Snow/Ice","Developed Open Space","Snow/Ice to Developed Open Space"
606,"Snow/Ice","Cultivated","Snow/Ice to Cultivated"
607,"Snow/Ice","Pasture/Hay","Snow/Ice to Pasture/Hay"
608,"Snow/Ice","Grassland","Snow/Ice to Grassland"
609,"Snow/Ice","Deciduous Forest","Snow/Ice to Deciduous Forest"
610,"Snow/Ice","Evergreen Forest","Snow/Ice to Evergreen Forest"
611,"Snow/Ice","Mixed Forest","Snow/Ice to Mixed Forest"
612,"Snow/Ice","Scrub/Shrub","Snow/Ice to Scrub/Shrub"
613,"Snow/Ice","Palustrine Forested Wetland","Snow/Ice to Palustrine Forested Wetland"
614,"Snow/Ice","Palustrine Scrub/Shrub Wetland","Snow/Ice to Palustrine Scrub/Shrub Wetland"
615,"Snow/Ice","Palustrine Emergent Wetland","Snow/Ice to Palustrine Emergent Wetland"
616,"Snow/Ice","Estuarine Forested Wetland","Snow/Ice to Estuarine Forested Wetland"
617,"Snow/Ice","Estuarine Scrub/Shrub Wetland","Snow/Ice to Estuarine Scrub/Shrub Wetland"
618,"Snow/Ice","Estuarine Emergent Wetland","Snow/Ice to Estuarine Emergent Wetland"
619,"Snow/Ice","Unconsolidated Shore","Snow/Ice to Unconsolidated Shore"
620,"Snow/Ice","Bare Land","Snow/Ice to Bare Land"
621,"Snow/Ice","Water","Snow/Ice to Water"
622,"Snow/Ice","Palustrine Aquatic Bed","Snow/Ice to Palustrine Aquatic Bed"
623,"Snow/Ice","Estuarine Aquatic Bed","Snow/Ice to Estuarine Aquatic Bed"
624,"Snow/Ice","Tundra","Snow/Ice to Tundra"
625,"Snow/Ice","Snow/Ice","Snow/Ice to Snow/Ice"
